Workbook

Sheet M1
A1: 关卡格子数越多，单装备DPS越低 | H1: 最终DPS倍率 | J1: 最终HP倍率 | M1: 保底灵石 | N1: 对标关卡 | Q1: 保底元宝 | R1: 对标关卡 | S1: 保底碎片元宝价值
A2: 过关标准：平均抵达X级的装备，即可过关 | H2: 32 | J2: 32 | M2: ='关卡表|pass'!AB55 -> 16912.5 | N2: 50 | Q2: ='关卡表|pass'!AA55 -> 29500 | R2: 50 | S2: =Q2 -> 29500
A3: 敌人标准：最大出怪HP之和，可以在怪物开火时全灭 | M3: 双倍后保底 | Q3: 双倍后保底
G4: 最终DPS | H4: 总和 | I4: 武器倍率 | J4: 天赋倍率 | M4: =M2*2 -> 33825 | Q4: =(Q2+T2)*2 -> 59000
G5: =H2*B8 -> 320 | H5: =I5*B8*(J5+1) -> 320 | I5: 10 | J5: 2.2 | M5: 额外广告标准收入 | Q5: 额外广告标准收入
A6: 标准武器DPS | M6: 500 | Q6: 1000
A7: 等级 | B7: 期望DPS | C7: 要求 | D7: 比值 | H7: HP比例 | M7: 总广告需求 | N7: 保底倍率需求 | Q7: 总广告需求 | R7: 保底倍率需求
A8: 1 | B8: 10 | C8: 严格 | D8: 1 | H8: 0.5 | M8: 1000 | N8: 50 | Q8: 1000 | R8: 50
A9: 2 | B9: 20 | C9: 严格 | D9: =B9/$B$8 -> 2
A10: 3 | B10: 30 | C10: 宽松 | D10: =B10/$B$8 -> 3 | H10: 初始HP | I10: 最终HP | J10: 最终护盾 | M10: 总需求 | Q10: 总需求
A11: 4 | B11: 40 | C11: 最宽松 | D11: =B11/$B$8 -> 4 | H11: ='英雄|hero'!E5 -> 100 | I11: =(H11*J2-H11)*H8+H11 -> 1650 | J11: =H11*J2-I11 -> 1550 | M11: =M2*N8+M6*M8 -> 1345625 | Q11: =(Q2+S2)*R8+Q6*Q8 -> 3950000
N12: 占比 | O12: 值 | R12: 占比 | S12: 值
H13: 总和 | I13: 天赋HP | M13: 保留 | N13: =100-N14-N15 -> 0 | O13: =INT(M11*N13/100) -> 0 | Q13: 保留 | R13: =100-R14-R15 -> 0 | S13: =INT(Q11*R13/100) -> 0
A14: 标准关卡格子数 | C14: 小怪标准DPS | H14: =(I14)*H11+H11 -> 1600 | I14: 15 | M14: 天赋升级 | N14: 100 | O14: =INT($M$11*N14/100) -> 1345625 | Q14: 装备升级 | R14: 35 | S14: =INT($Q$11*R14/100) -> 1382500
A15: 9 | C15: 0.3 | H15: 总和 | I15: 天赋SP | O15: =INT($M$11*N15/100) -> 0 | Q15: 碎片花费 | R15: 65 | S15: =INT($Q$11*R15/100) -> 2567500
A16: 标准触发间隔 | C16: BOSS攻击倍率 | H16: =(I16)*H11 -> 1600 | I16: 16
A17: 1 | B17: 秒 | C17: 1
A18: 过关标准：平均抵达
A19: 3 | B19: 级 | G19: 颜色 | H19: 总碎片需求
A20: 实际标准DPS | G20: 1 | H20: 1000 | M20: 雪的新娘配置
A21: =VLOOKUP(A19,A8:B11,2,FALSE)*A15/A17 -> 270 | G21: 2 | H21: 1000 | N21: 毒期望时间 | O21: 对标天赋级 | P21: 标准HP | Q21: 秒伤 | R21: DOT间隔 | S21: 结果 | T21: 标准护盾 | U21: 抗怪数 | V21: 单怪伤害
A22: 怪物攻击等待 | G22: 3 | H22: 800 | M22: 1阶段 | N22: 90 | O22: 55 | P22: =VLOOKUP(O22,'天赋|talent'!$P$5:$AH$512,19,FALSE)+$H$11 -> 752 | Q22: =P22/N22 -> 8.3555556 | R22: ='BUFF|buff'!M50/1000 -> 1 | S22: ="["&INT(Q22*R22)&","&ROUNDUP(Q22*R22,0)&"]" -> [8,9] | T22: =P22 -> 752 | U22: 999 | V22: =ROUNDUP(T22/U22,0) -> 1
A23: 5 | B23: 秒 | G23: 4 | H23: 600 | M23: 2阶段 | N23: 90 | O23: 55 | P23: =VLOOKUP(O23,'天赋|talent'!$P$5:$AH$512,19,FALSE)+$H$11 -> 752 | Q23: =P23/N23 -> 8.3555556 | R23: ='BUFF|buff'!M51/1000 -> 1.66 | S23: ="["&INT(Q23*R23)&","&ROUNDUP(Q23*R23,0)&"]" -> [13,14] | T23: =P23 -> 752 | U23: 500 | V23: =ROUNDUP(T23/U23,0) -> 2
A24: 怪物总HP | G24: 5 | H24: 400 | M24: 3阶段 | N24: 90 | O24: 55 | P24: =VLOOKUP(O24,'天赋|talent'!$P$5:$AH$512,19,FALSE)+$H$11 -> 752 | Q24: =P24/N24 -> 8.3555556 | R24: ='BUFF|buff'!M52/1000 -> 1.33 | S24: ="["&INT(Q24*R24)&","&ROUNDUP(Q24*R24,0)&"]" -> [11,12] | T24: =P24 -> 752 | U24: 333 | V24: =ROUNDUP(T24/U24,0) -> 3
A25: =A21*A23 -> 1350 | M25: 4阶段 | N25: 90 | O25: 100 | P25: =VLOOKUP(O25,'天赋|talent'!$P$5:$AH$512,19,FALSE)+$H$11 -> 1373 | Q25: =P25/N25 -> 15.255556 | R25: ='BUFF|buff'!M53/1000 -> 1 | S25: ="["&INT(Q25*R25)&","&ROUNDUP(Q25*R25,0)&"]" -> [15,16] | T25: =P25 -> 1373 | U25: 444 | V25: =ROUNDUP(T25/U25,0) -> 4
A26: 一波怪标准数量
A27: 100
A28: 小怪单HP
A29: =A25/A27 -> 13.5
A32: 每小时产出 | B32: 元宝算法 | C32: 灵石算法
A33: 基础 | B33: 20 | C33: 10
A34: 每关加 | B34: 4 | C34: 2.5
F35: 总权重 | G35: 平均每碎片标准抽价值
F36: =SUM(F38:F54)+F56 -> 1871 | G36: =SUM(J38:J54)+J56 -> 217.58475
A37: 对应装备大类ID | B37: 道具 | C37: 元宝价值 | D37: 灵石价值 | E37: 碎片消耗需求 | F37: 装备升级养成占比 | G37: 颜色 | H37: 升级元宝消耗 | I37: 标准掉落权重
A38: 1 | B38: 道法箭碎片 | C38: =$S$15/E38*(F38/$F$36) -> 83.70791 | D38: =C38/2 -> 41.853955 | E38: =VLOOKUP(G38,$G$20:$H$24,2,FALSE) -> 1000 | F38: 61 | G38: ='装备大类|wapenTable'!Z5 -> 2 | H38: =$S$14*(F38/$F$36) -> 45073.49 | I38: =E38 -> 1000 | J38: =I38/SUM($I$38:$I$54)*C38 -> 7.0938907
A39: 2 | B39: 鬼剑术碎片 | C39: =$S$15/E39*(F39/$F$36) -> 85.080171 | D39: =C39/2 -> 42.540086 | E39: =VLOOKUP(G39,$G$20:$H$24,2,FALSE) -> 1000 | F39: 62 | G39: ='装备大类|wapenTable'!Z6 -> 2 | H39: =$S$14*(F39/$F$36) -> 45812.4 | I39: =E39 -> 1000 | J39: =I39/SUM($I$38:$I$54)*C39 -> 7.210184
A40: 3 | B40: 降魔镖碎片 | C40: =$S$15/E40*(F40/$F$36) -> 86.452432 | D40: =C40/2 -> 43.226216 | E40: =VLOOKUP(G40,$G$20:$H$24,2,FALSE) -> 1000 | F40: 63 | G40: ='装备大类|wapenTable'!Z7 -> 2 | H40: =$S$14*(F40/$F$36) -> 46551.309 | I40: =E40 -> 1000 | J40: =I40/SUM($I$38:$I$54)*C40 -> 7.3264773
A41: 4 | B41: 摄魂符碎片 | C41: =$S$15/E41*(F41/$F$36) -> 87.824693 | D41: =C41/2 -> 43.912346 | E41: =VLOOKUP(G41,$G$20:$H$24,2,FALSE) -> 1000 | F41: 64 | G41: ='装备大类|wapenTable'!Z8 -> 2 | H41: =$S$14*(F41/$F$36) -> 47290.219 | I41: =E41 -> 1000 | J41: =I41/SUM($I$38:$I$54)*C41 -> 7.4427706
A42: 5 | B42: 打妖棍碎片 | C42: =$S$15/E42*(F42/$F$36) -> 154.37934 | D42: =C42/2 -> 77.189671 | E42: =VLOOKUP(G42,$G$20:$H$24,2,FALSE) -> 800 | F42: 90 | G42: ='装备大类|wapenTable'!Z9 -> 3 | H42: =$S$14*(F42/$F$36) -> 66501.871 | I42: =E42 -> 800 | J42: =I42/SUM($I$38:$I$54)*C42 -> 10.466396
A43: 6 | B43: 旋风轮碎片 | C43: =$S$15/E43*(F43/$F$36) -> 265.30376 | D43: =C43/2 -> 132.65188 | E43: =VLOOKUP(G43,$G$20:$H$24,2,FALSE) -> 600 | F43: 116 | G43: ='装备大类|wapenTable'!Z10 -> 4 | H43: =$S$14*(F43/$F$36) -> 85713.522 | I43: =E43 -> 600 | J43: =I43/SUM($I$38:$I$54)*C43 -> 13.490022
A44: 7 | B44: 灭魂火碎片 | C44: =$S$15/E44*(F44/$F$36) -> 267.59086 | D44: =C44/2 -> 133.79543 | E44: =VLOOKUP(G44,$G$20:$H$24,2,FALSE) -> 600 | F44: 117 | G44: ='装备大类|wapenTable'!Z11 -> 4 | H44: =$S$14*(F44/$F$36) -> 86452.432 | I44: =E44 -> 600 | J44: =I44/SUM($I$38:$I$54)*C44 -> 13.606315
A45: 8 | B45: 囚天指碎片 | C45: =$S$15/E45*(F45/$F$36) -> 490.58324 | D45: =C45/2 -> 245.29162 | E45: =VLOOKUP(G45,$G$20:$H$24,2,FALSE) -> 400 | F45: 143 | G45: ='装备大类|wapenTable'!Z12 -> 5 | H45: =$S$14*(F45/$F$36) -> 105664.08 | I45: =E45 -> 400 | J45: =I45/SUM($I$38:$I$54)*C45 -> 16.62994
A46: 20 | B46: 雷鸣器碎片 | C46: =$S$15/E46*(F46/$F$36) -> 161.24065 | D46: =C46/2 -> 80.620323 | E46: =VLOOKUP(G46,$G$20:$H$24,2,FALSE) -> 800 | F46: 94 | G46: ='装备大类|wapenTable'!Z24 -> 3 | H46: =$S$14*(F46/$F$36) -> 69457.509 | I46: =E46 -> 800 | J46: =I46/SUM($I$38:$I$54)*C46 -> 10.931569
A47: 21 | B47: 阴阳球碎片 | C47: =$S$15/E47*(F47/$F$36) -> 162.95597 | D47: =C47/2 -> 81.477986 | E47: =VLOOKUP(G47,$G$20:$H$24,2,FALSE) -> 800 | F47: 95 | G47: ='装备大类|wapenTable'!Z25 -> 3 | H47: =$S$14*(F47/$F$36) -> 70196.419 | I47: =E47 -> 800 | J47: =I47/SUM($I$38:$I$54)*C47 -> 11.047863
A48: 22 | B48: 补天石碎片 | C48: =$S$15/E48*(F48/$F$36) -> 164.6713 | D48: =C48/2 -> 82.335649 | E48: =VLOOKUP(G48,$G$20:$H$24,2,FALSE) -> 800 | F48: 96 | G48: ='装备大类|wapenTable'!Z26 -> 3 | H48: =$S$14*(F48/$F$36) -> 70935.329 | I48: =E48 -> 800 | J48: =I48/SUM($I$38:$I$54)*C48 -> 11.164156
A49: 23 | B49: 冰魄珠碎片 | C49: =$S$15/E49*(F49/$F$36) -> 332.77325 | D49: =C49/2 -> 166.38662 | E49: =VLOOKUP(G49,$G$20:$H$24,2,FALSE) -> 400 | F49: 97 | G49: ='装备大类|wapenTable'!Z27 -> 5 | H49: =$S$14*(F49/$F$36) -> 71674.238 | I49: =E49 -> 400 | J49: =I49/SUM($I$38:$I$54)*C49 -> 11.280449
A50: 24 | B50: 八卦掌碎片 | C50: =$S$15/E50*(F50/$F$36) -> 281.31347 | D50: =C50/2 -> 140.65673 | E50: =VLOOKUP(G50,$G$20:$H$24,2,FALSE) -> 600 | F50: 123 | G50: ='装备大类|wapenTable'!Z28 -> 4 | H50: =$S$14*(F50/$F$36) -> 90885.89 | I50: =E50 -> 600 | J50: =I50/SUM($I$38:$I$54)*C50 -> 14.304075
A51: 25 | B51: 纸鹤碎片 | C51: =$S$15/E51*(F51/$F$36) -> 283.60057 | D51: =C51/2 -> 141.80029 | E51: =VLOOKUP(G51,$G$20:$H$24,2,FALSE) -> 600 | F51: 124 | G51: ='装备大类|wapenTable'!Z29 -> 4 | H51: =$S$14*(F51/$F$36) -> 91624.8 | I51: =E51 -> 600 | J51: =I51/SUM($I$38:$I$54)*C51 -> 14.420368
A52: 26 | B52: 乾坤镜碎片 | C52: =$S$15/E52*(F52/$F$36) -> 285.88767 | D52: =C52/2 -> 142.94384 | E52: =VLOOKUP(G52,$G$20:$H$24,2,FALSE) -> 600 | F52: 125 | G52: ='装备大类|wapenTable'!Z30 -> 4 | H52: =$S$14*(F52/$F$36) -> 92363.709 | I52: =E52 -> 600 | J52: =I52/SUM($I$38:$I$54)*C52 -> 14.536661
A53: 27 | B53: 焚天功碎片 | C53: =$S$15/E53*(F53/$F$36) -> 518.02846 | D53: =C53/2 -> 259.01423 | E53: =VLOOKUP(G53,$G$20:$H$24,2,FALSE) -> 400 | F53: 151 | G53: ='装备大类|wapenTable'!Z31 -> 5 | H53: =$S$14*(F53/$F$36) -> 111575.36 | I53: =E53 -> 400 | J53: =I53/SUM($I$38:$I$54)*C53 -> 17.560287
A54: 28 | B54: 混沌清莲 | C54: =$S$15/E54*(F54/$F$36) -> 521.45911 | D54: =C54/2 -> 260.72956 | E54: =VLOOKUP(G54,$G$20:$H$24,2,FALSE) -> 400 | F54: 152 | G54: ='装备大类|wapenTable'!Z32 -> 5 | H54: =$S$14*(F54/$F$36) -> 112314.27 | I54: =E54 -> 400 | J54: =I54/SUM($I$38:$I$54)*C54 -> 17.67658
B55: 突破丹 | C55: =O15/E55*2 -> 0 | D55: =C55/2 -> 0 | E55: 500
A56: 29 | B56: 落雷术 | C56: =$S$15/E56*(F56/$F$36) -> 134.48156 | D56: =C56/2 -> 67.24078 | E56: =VLOOKUP(G56,$G$20:$H$24,2,FALSE) -> 1000 | F56: 98 | G56: ='装备大类|wapenTable'!Z33 -> 2 | H56: =$S$14*(F56/$F$36) -> 72413.148 | I56: =E56 -> 1000 | J56: =I56/SUM($I$38:$I$54)*C56 -> 11.396742

Sheet M2
A1: 等级 | B1: 1 | C1: 2 | D1: 3 | E1: 4 | F1: 5 | G1: 6 | H1: 7 | I1: 8
A2: 1 | B2: 72 | C2: 108 | D2: 130 | E2: 156 | F2: 188 | G2: 190 | H2: 190 | M2: =B3/B2 -> 1.2361111
A3: 2 | B3: 89 | C3: 130 | D3: 195 | E3: 234 | F3: 301 | G3: 304 | H3: 323 | I3: 340 | R3: 怪物类型 | X3: 189 | Y3: 152
A4: 3 | B4: 108 | C4: 156 | D4: 293 | E4: 351 | F4: 482 | G4: 487 | H4: 550 | I4: 578 | Q4: 1 | R4: 2 | X4: 221 | Y4: 182
A5: 4 | B5: 130 | C5: 187 | D5: 439 | E5: 527 | F5: 771 | G5: 779 | H5: 934 | I5: 983 | Q5: 2 | R5: 2
A6: 5 | B6: 156 | C6: 224 | D6: 659 | E6: 790 | F6: 1233 | G6: 1246 | H6: 1587 | I6: 1671 | Q6: 3 | R6: 2 | S6: 1
A7: 6 | B7: 187 | C7: 269 | Q7: 4 | R7: 2
A8: 7 | B8: 224 | C8: 323 | Q8: 5 | R8: 2 | S8: 1
A9: 8 | B9: 269 | C9: 387 | Q9: 6 | R9: 2
A10: 9 | B10: 323 | C10: 465 | Q10: 7 | R10: 2 | S10: 3
A11: 10 | B11: 387 | C11: 558 | Q11: 8 | R11: 2
Q12: 9 | R12: 2
Q13: 10 | R13: 2 | S13: 1
A14: 1 | B14: =B3-B2 -> 17 | C14: =C3-C2 -> 22 | D14: =D3-D2 -> 65 | E14: =E3-E2 -> 78 | F14: =F3-F2 -> 113 | G14: =G3-G2 -> 114 | H14: =H3-H2 -> 133 | Q14: 11 | R14: 2
A15: 2 | B15: =B4-B3 -> 19 | C15: =C4-C3 -> 26 | D15: =D4-D3 -> 98 | E15: =E4-E3 -> 117 | F15: =F4-F3 -> 181 | G15: =G4-G3 -> 183 | H15: =H4-H3 -> 227 | Q15: 12 | R15: 2 | S15: 3
A16: 3 | B16: =B5-B4 -> 22 | C16: =C5-C4 -> 31 | D16: =D5-D4 -> 146 | E16: =E5-E4 -> 176 | F16: =F5-F4 -> 289 | G16: =G5-G4 -> 292 | H16: =H5-H4 -> 384 | Q16: 13 | R16: 2
A17: 4 | B17: =B6-B5 -> 26 | C17: =C6-C5 -> 37 | D17: =D6-D5 -> 220 | E17: =E6-E5 -> 263 | F17: =F6-F5 -> 462 | G17: =G6-G5 -> 467 | H17: =H6-H5 -> 653 | Q17: 14 | R17: 2 | S17: 1 | T17: 3
A18: 5 | B18: =B7-B6 -> 31 | C18: =C7-C6 -> 45 | Q18: 15 | R18: 2
A19: 6 | B19: =B8-B7 -> 37 | C19: =C8-C7 -> 54
A20: 7 | B20: =B9-B8 -> 45 | C20: =C9-C8 -> 64
A21: 8 | B21: =B10-B9 -> 54 | C21: =C10-C9 -> 78
A22: 9 | B22: =B11-B10 -> 64 | C22: =C11-C10 -> 93
A23: 10
A26: 1 | B26: =B15-B14 -> 2 | C26: =C15-C14 -> 4 | D26: =D15-D14 -> 33 | E26: =E15-E14 -> 39 | F26: =F15-F14 -> 68 | G26: =G15-G14 -> 69 | H26: =H15-H14 -> 94
A27: 2 | B27: =B16-B15 -> 3 | C27: =C16-C15 -> 5 | D27: =D16-D15 -> 48 | E27: =E16-E15 -> 59 | F27: =F16-F15 -> 108 | G27: =G16-G15 -> 109 | H27: =H16-H15 -> 157
A28: 3 | B28: =B17-B16 -> 4 | C28: =C17-C16 -> 6 | D28: =D17-D16 -> 74 | E28: =E17-E16 -> 87 | F28: =F17-F16 -> 173 | G28: =G17-G16 -> 175 | H28: =H17-H16 -> 269
A29: 4 | B29: =B18-B17 -> 5 | C29: =C18-C17 -> 8
A30: 5 | B30: =B19-B18 -> 6 | C30: =C19-C18 -> 9
A31: 6 | B31: =B20-B19 -> 8 | C31: =C20-C19 -> 10
A32: 7 | B32: =B21-B20 -> 9 | C32: =C21-C20 -> 14
A33: 8 | B33: =B22-B21 -> 10 | C33: =C22-C21 -> 15
A34: 9
A35: 10
B85: 获得宝物
A107: 横版三消+养成
A108: 1个英雄，加众多召唤角色，打群架
J162: 题材：打UFO，黑白简笔手绘风（类似火柴人大战）
J164: 玩法 | K164: 格子塔防的衍生规则
K165: 我方有1旗舰，带着舰队出战
K166: 舰队里的飞船通过金币购买上场
K167: 飞船只能放在预设的阵型格子里，相同飞船可以合成
K168: 距离旗舰越近的飞船，获得的能量越多，因此攻击频率越高
K169: 飞船可以被摧毁
K170: 旗舰摧毁则游戏结束
J172: 扩展技巧 | K172: 更换旗舰，不同旗舰属性不同，但阵型格子也不同
K173: 在外部解锁更多的飞船
K174: 升级旗舰，获得更多的属性加成
K175: 存在补给船，会占用阵型格，但会为相邻的飞船提供加成
J177: 实现难度（相对于格子塔防）
K178: 篝火 改为 旗舰
K179: 棋盘不再跟关卡走，改为跟旗舰走
K180: 触发攻击的方式不在走格子，而是按时间流逝充能，不同格子的充能效率不同
K181: 炮台 改为 飞船，可以被击毁
J183: 依然是 商店整备阶段-战斗阶段 的循环，走完所有波次后结束
J186: 主要外部养成
K187: 飞船养成 类似装备养成。通过碎片和资源升级，并解锁型特性
K188: 指挥官养成 本质是装备玩法的变体。旗舰可以装备多个不同类型的指挥官，指挥官会提供特定类型的加成
K189: 旗舰养成 本质是英雄养成，会解锁英雄技能，以及略微提高英雄属性。旗舰可以更换
K190: 总部建设 类似天赋，提供全局加成。包装成家园LIKE的玩法
K244: 美术概念图

Sheet 道具表|itemBase
A1: ID | B1: 名字 | C1: 道具类型 | D1: 参数 | E1: 投放类型 | F1: ICON | G1: 背景颜色 | H1: 道具描述 | I1: 元宝价格 | J1: 灵石价格
A2: int | B2: string | C2: int | D2: int | E2: int | F2: string | G2: int | H2: string | I2: int | J2: int
A3: id | B3: name | C3: type | D3: typeArgs | E3: putType | F3: img | G3: colour | H3: describe | I3: cost1 | J3: cost2
A4: server/client | B4: server/client | C4: server/client | D4: server/client | E4: server/client | F4: server/client | G4: server/client | H4: server/client | I4: server/client | J4: server/client
A5: 1 | B5: 元宝 | C5: 0 | D5: 1 | F5: item_1 | G5: 1
A6: 2 | B6: 灵石 | C6: 0 | D6: 2 | F6: item_2 | G6: 2
A7: 3 | B7: 免广卷 | C7: 0 | D7: 3 | F7: item_3 | G7: 3
A8: 4 | B8: 铜钱 | C8: 0 | D8: 4 | F8: item_4 | G8: 1
A9: 5 | B9: 元宝 | C9: 0 | D9: 1 | E9: 1 | F9: item_1 | G9: 1
A10: 6 | B10: 灵石 | C10: 0 | D10: 2 | E10: 1 | F10: item_2 | G10: 2
A11: 7 | B11: =VLOOKUP(D11,'装备合成等级|wapenFusion'!$O$5:$P$1119,2,FALSE) -> 道法箭(1重) | C11: 1 | D11: 101
A12: 8 | B12: =VLOOKUP(D12,'装备合成等级|wapenFusion'!$O$5:$P$1119,2,FALSE) -> 道法箭(2重) | C12: 1 | D12: 102
A13: 9 | B13: =VLOOKUP(D13,'装备合成等级|wapenFusion'!$O$5:$P$1119,2,FALSE) -> 道法箭(3重) | C13: 1 | D13: 103
A14: 10 | B14: =VLOOKUP(D14,'装备合成等级|wapenFusion'!$O$5:$P$1119,2,FALSE) -> 道法箭(4重) | C14: 1 | D14: 104
A15: 11 | B15: =VLOOKUP(D15,'装备合成等级|wapenFusion'!$O$5:$P$1119,2,FALSE) -> 鬼剑术(1重) | C15: 1 | D15: =D11+100 -> 201
A16: 12 | B16: =VLOOKUP(D16,'装备合成等级|wapenFusion'!$O$5:$P$1119,2,FALSE) -> 鬼剑术(2重) | C16: 1 | D16: =D12+100 -> 202
A17: 13 | B17: =VLOOKUP(D17,'装备合成等级|wapenFusion'!$O$5:$P$1119,2,FALSE) -> 鬼剑术(3重) | C17: 1 | D17: =D13+100 -> 203
A18: 14 | B18: =VLOOKUP(D18,'装备合成等级|wapenFusion'!$O$5:$P$1119,2,FALSE) -> 鬼剑术(4重) | C18: 1 | D18: =D14+100 -> 204
A19: 15 | B19: =VLOOKUP(D19,'装备合成等级|wapenFusion'!$O$5:$P$1119,2,FALSE) -> 降魔镖(1重) | C19: 1 | D19: =D15+100 -> 301
A20: 16 | B20: =VLOOKUP(D20,'装备合成等级|wapenFusion'!$O$5:$P$1119,2,FALSE) -> 降魔镖(2重) | C20: 1 | D20: =D16+100 -> 302
A21: 17 | B21: =VLOOKUP(D21,'装备合成等级|wapenFusion'!$O$5:$P$1119,2,FALSE) -> 降魔镖(3重) | C21: 1 | D21: =D17+100 -> 303
A22: 18 | B22: =VLOOKUP(D22,'装备合成等级|wapenFusion'!$O$5:$P$1119,2,FALSE) -> 降魔镖(4重) | C22: 1 | D22: =D18+100 -> 304
A23: 19 | B23: =VLOOKUP(D23,'装备合成等级|wapenFusion'!$O$5:$P$1119,2,FALSE) -> 摄魂符(1重) | C23: 1 | D23: =D19+100 -> 401
A24: 20 | B24: =VLOOKUP(D24,'装备合成等级|wapenFusion'!$O$5:$P$1119,2,FALSE) -> 摄魂符(2重) | C24: 1 | D24: =D20+100 -> 402
A25: 21 | B25: =VLOOKUP(D25,'装备合成等级|wapenFusion'!$O$5:$P$1119,2,FALSE) -> 摄魂符(3重) | C25: 1 | D25: =D21+100 -> 403
A26: 22 | B26: =VLOOKUP(D26,'装备合成等级|wapenFusion'!$O$5:$P$1119,2,FALSE) -> 摄魂符(4重) | C26: 1 | D26: =D22+100 -> 404
... A53: 49 | B53: =VLOOKUP(D53,'装备合成等级|wapenFusion'!$O$5:$P$1119,2,FALSE) -> 定身咒(3重) | C53: 1 | D53: =D49+100 -> 1103
A54: 50 | B54: =VLOOKUP(D54,'装备合成等级|wapenFusion'!$O$5:$P$1119,2,FALSE) -> 定身咒(4重) | C54: 1 | D54: 1104
A55: 51 | B55: =VLOOKUP(D55,'装备合成等级|wapenFusion'!$O$5:$P$1119,2,FALSE) -> 击退(4重) | C55: 1 | D55: =D51+100 -> 1201
A56: 52 | B56: =VLOOKUP(D56,'装备合成等级|wapenFusion'!$O$5:$P$1119,2,FALSE) -> 击退(2重) | C56: 1 | D56: =D52+100 -> 1202
A57: 53 | B57: =VLOOKUP(D57,'装备合成等级|wapenFusion'!$O$5:$P$1119,2,FALSE) -> 击退(3重) | C57: 1 | D57: =D53+100 -> 1203
A58: 54 | B58: =VLOOKUP(D58,'装备合成等级|wapenFusion'!$O$5:$P$1119,2,FALSE) -> 击退(4重) | C58: 1 | D58: =D54+100 -> 1204
A59: 55 | B59: =VLOOKUP(D59,'装备合成等级|wapenFusion'!$O$5:$P$1119,2,FALSE) -> 生命(1重) | C59: 1 | D59: =D55+100 -> 1301
A60: 56 | B60: =VLOOKUP(D60,'装备合成等级|wapenFusion'!$O$5:$P$1119,2,FALSE) -> 生命(2重) | C60: 1 | D60: =D56+100 -> 1302
A61: 57 | B61: =VLOOKUP(D61,'装备合成等级|wapenFusion'!$O$5:$P$1119,2,FALSE) -> 生命(3重) | C61: 1 | D61: =D57+100 -> 1303
A62: 58 | B62: =VLOOKUP(D62,'装备合成等级|wapenFusion'!$O$5:$P$1119,2,FALSE) -> 生命(4重) | C62: 1 | D62: =D58+100 -> 1304
A63: 59 | B63: =VLOOKUP(D63,'装备合成等级|wapenFusion'!$O$5:$P$1119,2,FALSE) -> 护盾(1重) | C63: 1 | D63: =D59+100 -> 1401
A64: 60 | B64: =VLOOKUP(D64,'装备合成等级|wapenFusion'!$O$5:$P$1119,2,FALSE) -> 护盾(2重) | C64: 1 | D64: =D60+100 -> 1402
A65: 61 | B65: =VLOOKUP(D65,'装备合成等级|wapenFusion'!$O$5:$P$1119,2,FALSE) -> 护盾(3重) | C65: 1 | D65: =D61+100 -> 1403
A66: 62 | B66: =VLOOKUP(D66,'装备合成等级|wapenFusion'!$O$5:$P$1119,2,FALSE) -> 护盾(4重) | C66: 1 | D66: =D62+100 -> 1404
... A86: 82 | B86: =VLOOKUP(D86,'装备合成等级|wapenFusion'!$O$5:$P$1119,2,FALSE) -> 二连跳(4重) | C86: 1 | D86: =D82+100 -> 1904
A87: 83 | B87: 攻击提升L1 | C87: 2 | D87: 101
A88: 84 | B88: 攻击提升L2 | C88: 2 | D88: 102
A89: 85 | B89: 攻击提升L3 | C89: 2 | D89: 103
A90: 86 | B90: 攻击提升L4 | C90: 2 | D90: 104
A91: 87 | B91: HP上限提升L1 | C91: 2 | D91: 201
A92: 88 | B92: HP上限提升L2 | C92: 2 | D92: 202
A93: 89 | B93: HP上限提升L3 | C93: 2 | D93: 203
A94: 90 | B94: HP上限提升L4 | C94: 2 | D94: 204
A95: 91 | B95: HP随时间恢复L1 | C95: 2 | D95: 301
A96: 92 | B96: HP随时间恢复L2 | C96: 2 | D96: 302
A97: 93 | B97: HP随时间恢复L3 | C97: 2 | D97: 303
A98: 94 | B98: HP随时间恢复L4 | C98: 2 | D98: 304
... A133: 129 | B133: 减少受到的伤害L3 | C133: 2 | D133: 1203
A134: 130 | B134: 减少受到的伤害L4 | C134: 2 | D134: 1204 | T134: Q
A135: 131 | B135: 龙涎草 | C135: 3 | D135: 1 | F135: item_131 | G135: 1
A136: 132 | B136: 收妖葫 | C136: 3 | D136: 2 | F136: item_132 | G136: 1
A137: 133 | B137: 招魂幡 | C137: 3 | D137: 3 | F137: item_133 | G137: 1
A138: 134 | B138: 道法镜 | C138: 3 | D138: 4 | F138: item_134 | G138: 1
A139: 135 | B139: 道法袍 | C139: 3 | D139: 5 | F139: item_135 | G139: 1
A140: 136 | B140: 元婴丹 | C140: 3 | D140: 6 | F140: item_136 | G140: 1
A141: 137 | B141: 九转玄功 | C141: 3 | D141: 7 | F141: item_137 | G141: 2
A142: 138 | B142: 太初剑典 | C142: 3 | D142: 8 | F142: item_138 | G142: 2
A143: 139 | B143: 聚灵阵 | C143: 3 | D143: 9 | F143: item_139 | G143: 2
A144: 140 | B144: 仙鹤 | C144: 3 | D144: 10 | F144: item_140 | G144: 2
A145: 141 | B145: 神秘残图 | C145: 3 | D145: 11 | F145: item_141 | G145: 3
A146: 142 | B146: 上古令牌 | C146: 3 | D146: 12 | F146: item_142 | G146: 3
... A150: 146 | B150: 西洋修士 | C150: 4 | D150: 4 | F150: item_146 | G150: 3
A151: 147 | B151: 道法箭碎片 | C151: 5 | D151: 1 | F151: item_147 | G151: 2 | I151: ='M1'!C38 -> 83.70791 | J151: ='M1'!D38 -> 41.853955
A152: 148 | B152: 鬼剑术碎片 | C152: 5 | D152: 2 | F152: item_148 | G152: 2 | I152: ='M1'!C39 -> 85.080171 | J152: ='M1'!D39 -> 42.540086
A153: 149 | B153: 降魔镖碎片 | C153: 5 | D153: 3 | F153: item_149 | G153: 2 | I153: ='M1'!C40 -> 86.452432 | J153: ='M1'!D40 -> 43.226216
A154: 150 | B154: 摄魂符碎片 | C154: 5 | D154: 4 | F154: item_150 | G154: 2 | I154: ='M1'!C41 -> 87.824693 | J154: ='M1'!D41 -> 43.912346
A155: 151 | B155: 打妖棍碎片 | C155: 5 | D155: 5 | F155: item_151 | G155: 3 | I155: ='M1'!C42 -> 154.37934 | J155: ='M1'!D42 -> 77.189671
A156: 152 | B156: 旋风轮碎片 | C156: 5 | D156: 6 | F156: item_152 | G156: 4 | I156: ='M1'!C43 -> 265.30376 | J156: ='M1'!D43 -> 132.65188
A157: 153 | B157: 灭魂火碎片 | C157: 5 | D157: 7 | F157: item_153 | G157: 4 | I157: ='M1'!C44 -> 267.59086 | J157: ='M1'!D44 -> 133.79543
A158: 154 | B158: 囚天指碎片 | C158: 5 | D158: 8 | F158: item_154 | G158: 5 | I158: ='M1'!C45 -> 490.58324 | J158: ='M1'!D45 -> 245.29162
A159: 155 | B159: 雷鸣器碎片 | C159: 5 | D159: 20 | F159: item_155 | G159: 3 | I159: ='M1'!C46 -> 161.24065 | J159: ='M1'!D46 -> 80.620323
A160: 156 | B160: 阴阳球碎片 | C160: 5 | D160: 21 | F160: item_156 | G160: 3 | I160: ='M1'!C47 -> 162.95597 | J160: ='M1'!D47 -> 81.477986
A161: 157 | B161: 聚魂石碎片 | C161: 5 | D161: 22 | F161: item_157 | G161: 3 | I161: ='M1'!C48 -> 164.6713 | J161: ='M1'!D48 -> 82.335649
A162: 158 | B162: 冰雷碎片 | C162: 5 | D162: 23 | F162: item_158 | G162: 5 | I162: ='M1'!C49 -> 332.77325 | J162: ='M1'!D49 -> 166.38662
... A167: 163 | B167: 混沌青莲碎片 | C167: 5 | D167: 28 | F167: item_163 | G167: 5 | I167: ='M1'!C54 -> 521.45911 | J167: ='M1'!D54 -> 260.72956
A168: 164 | B168: 绿色装备碎片 | C168: 0 | D168: 164 | F168: item_164 | G168: 1
A169: 165 | B169: 蓝色装备碎片 | C169: 0 | D169: 165 | F169: item_165 | G169: 2
A170: 166 | B170: 紫色装备碎片 | C170: 0 | D170: 166 | F170: item_166 | G170: 3
A171: 167 | B171: 黄色装备碎片 | C171: 0 | D171: 167 | F171: item_167 | G171: 4
A172: 168 | B172: 红色装备碎片 | C172: 0 | D172: 168 | F172: item_168 | G172: 5
A173: 169 | B173: 突破丹 | C173: 0 | D173: 169 | F173: item_169 | G173: 4
A174: 170 | B174: 雷鸣器(1重) | C174: 1 | D174: 2001
A175: 171 | B175: 雷鸣器(2重) | C175: 1 | D175: 2002
A176: 172 | B176: 雷鸣器(3重) | C176: 1 | D176: 2003
A177: 173 | B177: 雷鸣器(4重) | C177: 1 | D177: 2004
A178: 174 | B178: 阴阳球(1重) | C178: 1 | D178: 2101
A179: 175 | B179: 阴阳球(2重) | C179: 1 | D179: 2102
A180: 176 | B180: 阴阳球(3重) | C180: 1 | D180: 2103
A181: 177 | B181: 阴阳球(4重) | C181: 1 | D181: 2104
A182: 178 | B182: 补天石(1重) | C182: 1 | D182: 2201
A183: 179 | B183: 补天石(2重) | C183: 1 | D183: 2202
A184: 180 | B184: 补天石(3重) | C184: 1 | D184: 2203
A185: 181 | B185: 补天石(4重) | C185: 1 | D185: 2204
... A209: 205 | B209: 混沌青莲(4重) | C209: 1 | D209: 2804
...

Sheet 抽奖-主库|drawMain
A1: 序号 | B1: 主库ID | C1: 子库ID | D1: 权重 | E1: 备注
A2: int | B2: int | C2: int | D2: int
A3: id | B3: mainDrawID | C3: subDrawID | D3: weight
A4: server/client | B4: server/client | C4: server/client | D4: server/client
A5: 1 | B5: 1 | C5: 1 | D5: 100
A6: =A5+1 -> 2 | B6: 2 | C6: 1 | D6: 70
A7: =A6+1 -> 3 | B7: 2 | C7: 2 | D7: 30
A8: =A7+1 -> 4 | B8: 3 | C8: 1 | D8: 50
A9: =A8+1 -> 5 | B9: 3 | C9: 2 | D9: 0
A10: =A9+1 -> 6 | B10: 3 | C10: 3 | D10: 50
A11: =A10+1 -> 7 | B11: 4 | C11: 4 | D11: 100
A12: =A11+1 -> 8 | B12: 5 | C12: 5 | D12: 100
A13: =A12+1 -> 9 | B13: 6 | C13: 6 | D13: 100
A14: =A13+1 -> 10 | B14: 7 | C14: 7 | D14: 100
A15: =A14+1 -> 11 | B15: 8 | C15: 8 | D15: 100
A16: =A15+1 -> 12 | B16: 9 | C16: 9 | D16: 100
A17: =A16+1 -> 13 | B17: 10 | C17: 10 | D17: 1
... A31: =A30+1 -> 27 | B31: 17 | C31: 18 | D31: 1
A32: =A31+1 -> 28 | B32: 18 | C32: 19 | D32: 1 | E32: 蓝装碎片
A33: =A32+1 -> 29 | B33: 19 | C33: 20 | D33: 1 | E33: 紫装碎片
A34: =A33+1 -> 30 | B34: 20 | C34: 21 | D34: 1 | E34: 黄装碎片
A35: =A34+1 -> 31 | B35: 21 | C35: 22 | D35: 1 | E35: 红装碎片
A36: =A35+1 -> 32 | B36: 22 | C36: 23 | D36: 1 | E36: 商店武器碎片
A37: =A36+1 -> 33 | B37: 23 | C37: 24 | D37: 1 | E37: 单一免广卷
A38: =A37+1 -> 34 | B38: 23 | C38: 23 | D38: 2 | E38: 商店武器碎片
A39: =A38+1 -> 35 | B39: 24 | C39: 25 | D39: 1 | E39: 产出任意1个武器碎片
A40: =A39+1 -> 36 | B40: 24 | C40: 17 | D40: 1 | E40: 什么都不出
A41: 36 | B41: 25 | C41: 25 | D41: 1
A42: 37 | B42: 26 | C42: 26 | D42: 1 | E42: BAN恢复，无武器
A43: 38 | B43: 26 | C43: 7 | D43: 1
A44: 39 | B44: 27 | C44: 27 | D44: 1 | E44: 1个元宝
A45: 40 | B45: 28 | C45: 28 | D45: 1 | E45: 1个灵石

Sheet 抽奖-子库|drawSub
G1: 道具颜色 | H1: 名字 | J1: 序号 | K1: 子库ID | L1: 道具ID | M1: 数量 | N1: 权重 | O1: 修正条件 | P1: 权重修正 | Q1: 广告概率 | R1: 道具类型
J2: int | K2: int | L2: int | M2: int | N2: int | O2: int[] | P2: double | Q2: int | R2: int
J3: id | K3: subDrawID | L3: itemId | M3: itemValue | N3: weight | O3: condition | P3: weight2 | Q3: adv | R3: type
H4: 道具名 | J4: server/client | K4: server/client | L4: server/client | M4: server/client | N4: server/client | O4: server/client | P4: server/client | Q4: server/client | R4: server/client
H5: =VLOOKUP(L5,'道具表|itemBase'!$A$5:$B$1112,2,FALSE) -> 道法箭(1重) | J5: 1 | K5: 1 | L5: 7 | M5: 1 | N5: 40 | Q5: 0 | R5: =VLOOKUP(L5,'道具表|itemBase'!$A$5:$C$1112,3,FALSE) -> 1
H6: =VLOOKUP(L6,'道具表|itemBase'!$A$5:$B$1112,2,FALSE) -> 道法箭(2重) | J6: =J5+1 -> 2 | K6: 1 | L6: 8 | M6: 1 | N6: 10 | O6: 2 | P6: 1.5 | Q6: 50 | R6: =VLOOKUP(L6,'道具表|itemBase'!$A$5:$C$1112,3,FALSE) -> 1
H7: =VLOOKUP(L7,'道具表|itemBase'!$A$5:$B$1112,2,FALSE) -> 道法箭(3重) | J7: =J6+1 -> 3 | K7: 1 | L7: 9 | M7: 1 | N7: 5 | O7: 2 | P7: 1.5 | Q7: 100 | R7: =VLOOKUP(L7,'道具表|itemBase'!$A$5:$C$1112,3,FALSE) -> 1
H8: =VLOOKUP(L8,'道具表|itemBase'!$A$5:$B$1112,2,FALSE) -> 道法箭(4重) | J8: =J7+1 -> 4 | K8: 1 | L8: 10 | M8: 1 | N8: 0 | Q8: 100 | R8: =VLOOKUP(L8,'道具表|itemBase'!$A$5:$C$1112,3,FALSE) -> 1
H9: =VLOOKUP(L9,'道具表|itemBase'!$A$5:$B$1112,2,FALSE) -> 鬼剑术(1重) | J9: =J8+1 -> 5 | K9: 1 | L9: 11 | M9: 1 | N9: =N5 -> 40 | Q9: 0 | R9: =VLOOKUP(L9,'道具表|itemBase'!$A$5:$C$1112,3,FALSE) -> 1
H10: =VLOOKUP(L10,'道具表|itemBase'!$A$5:$B$1112,2,FALSE) -> 鬼剑术(2重) | J10: =J9+1 -> 6 | K10: 1 | L10: 12 | M10: 1 | N10: =N6 -> 10 | O10: 2 | P10: 1.5 | Q10: 50 | R10: =VLOOKUP(L10,'道具表|itemBase'!$A$5:$C$1112,3,FALSE) -> 1
H11: =VLOOKUP(L11,'道具表|itemBase'!$A$5:$B$1112,2,FALSE) -> 鬼剑术(3重) | J11: =J10+1 -> 7 | K11: 1 | L11: 13 | M11: 1 | N11: =N7 -> 5 | O11: 2 | P11: 1.5 | Q11: 100 | R11: =VLOOKUP(L11,'道具表|itemBase'!$A$5:$C$1112,3,FALSE) -> 1
H12: =VLOOKUP(L12,'道具表|itemBase'!$A$5:$B$1112,2,FALSE) -> 鬼剑术(4重) | J12: =J11+1 -> 8 | K12: 1 | L12: 14 | M12: 1 | N12: =N8 -> 0 | Q12: 100 | R12: =VLOOKUP(L12,'道具表|itemBase'!$A$5:$C$1112,3,FALSE) -> 1
H13: =VLOOKUP(L13,'道具表|itemBase'!$A$5:$B$1112,2,FALSE) -> 降魔镖(1重) | J13: =J12+1 -> 9 | K13: 1 | L13: 15 | M13: 1 | N13: =N9 -> 40 | Q13: 0 | R13: =VLOOKUP(L13,'道具表|itemBase'!$A$5:$C$1112,3,FALSE) -> 1
H14: =VLOOKUP(L14,'道具表|itemBase'!$A$5:$B$1112,2,FALSE) -> 降魔镖(2重) | J14: =J13+1 -> 10 | K14: 1 | L14: 16 | M14: 1 | N14: =N10 -> 10 | O14: 2 | P14: 1.5 | Q14: 50 | R14: =VLOOKUP(L14,'道具表|itemBase'!$A$5:$C$1112,3,FALSE) -> 1
H15: =VLOOKUP(L15,'道具表|itemBase'!$A$5:$B$1112,2,FALSE) -> 降魔镖(3重) | J15: =J14+1 -> 11 | K15: 1 | L15: 17 | M15: 1 | N15: =N11 -> 5 | O15: 2 | P15: 1.5 | Q15: 100 | R15: =VLOOKUP(L15,'道具表|itemBase'!$A$5:$C$1112,3,FALSE) -> 1
H16: =VLOOKUP(L16,'道具表|itemBase'!$A$5:$B$1112,2,FALSE) -> 降魔镖(4重) | J16: =J15+1 -> 12 | K16: 1 | L16: 18 | M16: 1 | N16: =N12 -> 0 | Q16: 100 | R16: =VLOOKUP(L16,'道具表|itemBase'!$A$5:$C$1112,3,FALSE) -> 1
H17: =VLOOKUP(L17,'道具表|itemBase'!$A$5:$B$1112,2,FALSE) -> 摄魂符(1重) | J17: =J16+1 -> 13 | K17: 1 | L17: 19 | M17: 1 | N17: =N13 -> 40 | Q17: 0 | R17: =VLOOKUP(L17,'道具表|itemBase'!$A$5:$C$1112,3,FALSE) -> 1
H18: =VLOOKUP(L18,'道具表|itemBase'!$A$5:$B$1112,2,FALSE) -> 摄魂符(2重) | J18: =J17+1 -> 14 | K18: 1 | L18: 20 | M18: 1 | N18: =N14 -> 10 | O18: 2 | P18: 1.5 | Q18: 50 | R18: =VLOOKUP(L18,'道具表|itemBase'!$A$5:$C$1112,3,FALSE) -> 1
H19: =VLOOKUP(L19,'道具表|itemBase'!$A$5:$B$1112,2,FALSE) -> 摄魂符(3重) | J19: =J18+1 -> 15 | K19: 1 | L19: 21 | M19: 1 | N19: =N15 -> 5 | O19: 2 | P19: 1.5 | Q19: 100 | R19: =VLOOKUP(L19,'道具表|itemBase'!$A$5:$C$1112,3,FALSE) -> 1
H20: =VLOOKUP(L20,'道具表|itemBase'!$A$5:$B$1112,2,FALSE) -> 摄魂符(4重) | J20: =J19+1 -> 16 | K20: 1 | L20: 22 | M20: 1 | N20: =N16 -> 0 | Q20: 100 | R20: =VLOOKUP(L20,'道具表|itemBase'!$A$5:$C$1112,3,FALSE) -> 1
H21: =VLOOKUP(L21,'道具表|itemBase'!$A$5:$B$1112,2,FALSE) -> 打妖棍(1重) | J21: =J20+1 -> 17 | K21: 1 | L21: 23 | M21: 1 | N21: =N17 -> 40 | Q21: 0 | R21: =VLOOKUP(L21,'道具表|itemBase'!$A$5:$C$1112,3,FALSE) -> 1
H22: =VLOOKUP(L22,'道具表|itemBase'!$A$5:$B$1112,2,FALSE) -> 打妖棍(2重) | J22: =J21+1 -> 18 | K22: 1 | L22: 24 | M22: 1 | N22: =N18 -> 10 | O22: 2 | P22: 1.5 | Q22: 50 | R22: =VLOOKUP(L22,'道具表|itemBase'!$A$5:$C$1112,3,FALSE) -> 1
H23: =VLOOKUP(L23,'道具表|itemBase'!$A$5:$B$1112,2,FALSE) -> 打妖棍(3重) | J23: =J22+1 -> 19 | K23: 1 | L23: 25 | M23: 1 | N23: =N19 -> 5 | O23: 2 | P23: 1.5 | Q23: 100 | R23: =VLOOKUP(L23,'道具表|itemBase'!$A$5:$C$1112,3,FALSE) -> 1
H24: =VLOOKUP(L24,'道具表|itemBase'!$A$5:$B$1112,2,FALSE) -> 打妖棍(4重) | J24: =J23+1 -> 20 | K24: 1 | L24: 26 | M24: 1 | N24: =N20 -> 0 | Q24: 100 | R24: =VLOOKUP(L24,'道具表|itemBase'!$A$5:$C$1112,3,FALSE) -> 1
H25: =VLOOKUP(L25,'道具表|itemBase'!$A$5:$B$1112,2,FALSE) -> 旋风轮(1重) | J25: =J24+1 -> 21 | K25: 1 | L25: 27 | M25: 1 | N25: =N21 -> 40 | Q25: 0 | R25: =VLOOKUP(L25,'道具表|itemBase'!$A$5:$C$1112,3,FALSE) -> 1
H26: =VLOOKUP(L26,'道具表|itemBase'!$A$5:$B$1112,2,FALSE) -> 旋风轮(2重) | J26: =J25+1 -> 22 | K26: 1 | L26: 28 | M26: 1 | N26: =N22 -> 10 | O26: 2 | P26: 1.5 | Q26: 50 | R26: =VLOOKUP(L26,'道具表|itemBase'!$A$5:$C$1112,3,FALSE) -> 1
H27: =VLOOKUP(L27,'道具表|itemBase'!$A$5:$B$1112,2,FALSE) -> 旋风轮(3重) | J27: =J26+1 -> 23 | K27: 1 | L27: 29 | M27: 1 | N27: =N23 -> 5 | O27: 2 | P27: 1.5 | Q27: 100 | R27: =VLOOKUP(L27,'道具表|itemBase'!$A$5:$C$1112,3,FALSE) -> 1
H28: =VLOOKUP(L28,'道具表|itemBase'!$A$5:$B$1112,2,FALSE) -> 旋风轮(4重) | J28: =J27+1 -> 24 | K28: 1 | L28: 30 | M28: 1 | N28: =N24 -> 0 | Q28: 100 | R28: =VLOOKUP(L28,'道具表|itemBase'!$A$5:$C$1112,3,FALSE) -> 1
H29: =VLOOKUP(L29,'道具表|itemBase'!$A$5:$B$1112,2,FALSE) -> 灭魂火(1重) | J29: =J28+1 -> 25 | K29: 1 | L29: 31 | M29: 1 | N29: =N25 -> 40 | Q29: 0 | R29: =VLOOKUP(L29,'道具表|itemBase'!$A$5:$C$1112,3,FALSE) -> 1
H30: =VLOOKUP(L30,'道具表|itemBase'!$A$5:$B$1112,2,FALSE) -> 灭魂火(2重) | J30: =J29+1 -> 26 | K30: 1 | L30: 32 | M30: 1 | N30: =N26 -> 10 | O30: 2 | P30: 1.5 | Q30: 50 | R30: =VLOOKUP(L30,'道具表|itemBase'!$A$5:$C$1112,3,FALSE) -> 1
H31: =VLOOKUP(L31,'道具表|itemBase'!$A$5:$B$1112,2,FALSE) -> 灭魂火(3重) | J31: =J30+1 -> 27 | K31: 1 | L31: 33 | M31: 1 | N31: =N27 -> 5 | O31: 2 | P31: 1.5 | Q31: 100 | R31: =VLOOKUP(L31,'道具表|itemBase'!$A$5:$C$1112,3,FALSE) -> 1
H32: =VLOOKUP(L32,'道具表|itemBase'!$A$5:$B$1112,2,FALSE) -> 灭魂火(4重) | J32: =J31+1 -> 28 | K32: 1 | L32: 34 | M32: 1 | N32: =N28 -> 0 | Q32: 100 | R32: =VLOOKUP(L32,'道具表|itemBase'!$A$5:$C$1112,3,FALSE) -> 1
H33: =VLOOKUP(L33,'道具表|itemBase'!$A$5:$B$1112,2,FALSE) -> 囚天指(1重) | J33: =J32+1 -> 29 | K33: 1 | L33: 35 | M33: 1 | N33: 20 | Q33: 0 | R33: =VLOOKUP(L33,'道具表|itemBase'!$A$5:$C$1112,3,FALSE) -> 1
H34: =VLOOKUP(L34,'道具表|itemBase'!$A$5:$B$1112,2,FALSE) -> 囚天指(2重) | J34: =J33+1 -> 30 | K34: 1 | L34: 36 | M34: 1 | N34: 5 | O34: 2 | P34: 1.5 | Q34: 50 | R34: =VLOOKUP(L34,'道具表|itemBase'!$A$5:$C$1112,3,FALSE) -> 1
H35: =VLOOKUP(L35,'道具表|itemBase'!$A$5:$B$1112,2,FALSE) -> 囚天指(3重) | J35: =J34+1 -> 31 | K35: 1 | L35: 37 | M35: 1 | N35: =N31 -> 5 | O35: 2 | P35: 1.5 | Q35: 100 | R35: =VLOOKUP(L35,'道具表|itemBase'!$A$5:$C$1112,3,FALSE) -> 1
H36: =VLOOKUP(L36,'道具表|itemBase'!$A$5:$B$1112,2,FALSE) -> 囚天指(4重) | J36: =J35+1 -> 32 | K36: 1 | L36: 38 | M36: 1 | N36: =N32 -> 0 | Q36: 100 | R36: =VLOOKUP(L36,'道具表|itemBase'!$A$5:$C$1112,3,FALSE) -> 1
H37: =VLOOKUP(L37,'道具表|itemBase'!$A$5:$B$1112,2,FALSE) -> 雷鸣器(1重) | J37: =J36+1 -> 33 | K37: 1 | L37: 170 | M37: 1 | N37: 20 | Q37: 0 | R37: =VLOOKUP(L37,'道具表|itemBase'!$A$5:$C$1112,3,FALSE) -> 1
H38: =VLOOKUP(L38,'道具表|itemBase'!$A$5:$B$1112,2,FALSE) -> 雷鸣器(2重) | J38: =J37+1 -> 34 | K38: 1 | L38: 171 | M38: 1 | N38: 5 | O38: 2 | P38: 1.5 | Q38: 50 | R38: =VLOOKUP(L38,'道具表|itemBase'!$A$5:$C$1112,3,FALSE) -> 1
H39: =VLOOKUP(L39,'道具表|itemBase'!$A$5:$B$1112,2,FALSE) -> 雷鸣器(3重) | J39: =J38+1 -> 35 | K39: 1 | L39: 172 | M39: 1 | N39: =N35 -> 5 | O39: 2 | P39: 1.5 | Q39: 100 | R39: =VLOOKUP(L39,'道具表|itemBase'!$A$5:$C$1112,3,FALSE) -> 1
H40: =VLOOKUP(L40,'道具表|itemBase'!$A$5:$B$1112,2,FALSE) -> 雷鸣器(4重) | J40: =J39+1 -> 36 | K40: 1 | L40: 173 | M40: 1 | N40: =N36 -> 0 | Q40: 100 | R40: =VLOOKUP(L40,'道具表|itemBase'!$A$5:$C$1112,3,FALSE) -> 1
H41: =VLOOKUP(L41,'道具表|itemBase'!$A$5:$B$1112,2,FALSE) -> 阴阳球(1重) | J41: =J40+1 -> 37 | K41: 1 | L41: 174 | M41: 1 | N41: 20 | Q41: 0 | R41: =VLOOKUP(L41,'道具表|itemBase'!$A$5:$C$1112,3,FALSE) -> 1
H42: =VLOOKUP(L42,'道具表|itemBase'!$A$5:$B$1112,2,FALSE) -> 阴阳球(2重) | J42: =J41+1 -> 38 | K42: 1 | L42: 175 | M42: 1 | N42: 5 | O42: 2 | P42: 1.5 | Q42: 50 | R42: =VLOOKUP(L42,'道具表|itemBase'!$A$5:$C$1112,3,FALSE) -> 1
H43: =VLOOKUP(L43,'道具表|itemBase'!$A$5:$B$1112,2,FALSE) -> 阴阳球(3重) | J43: =J42+1 -> 39 | K43: 1 | L43: 176 | M43: 1 | N43: =N39 -> 5 | O43: 2 | P43: 1.5 | Q43: 100 | R43: =VLOOKUP(L43,'道具表|itemBase'!$A$5:$C$1112,3,FALSE) -> 1
H44: =VLOOKUP(L44,'道具表|itemBase'!$A$5:$B$1112,2,FALSE) -> 阴阳球(4重) | J44: =J43+1 -> 40 | K44: 1 | L44: 177 | M44: 1 | N44: =N40 -> 0 | Q44: 100 | R44: =VLOOKUP(L44,'道具表|itemBase'!$A$5:$C$1112,3,FALSE) -> 1
H45: =VLOOKUP(L45,'道具表|itemBase'!$A$5:$B$1112,2,FALSE) -> 补天石(1重) | J45: =J44+1 -> 41 | K45: 1 | L45: 178 | M45: 1 | N45: 20 | Q45: 0 | R45: =VLOOKUP(L45,'道具表|itemBase'!$A$5:$C$1112,3,FALSE) -> 1
H46: =VLOOKUP(L46,'道具表|itemBase'!$A$5:$B$1112,2,FALSE) -> 补天石(2重) | J46: =J45+1 -> 42 | K46: 1 | L46: 179 | M46: 1 | N46: 5 | O46: 2 | P46: 1.5 | Q46: 50 | R46: =VLOOKUP(L46,'道具表|itemBase'!$A$5:$C$1112,3,FALSE) -> 1
H47: =VLOOKUP(L47,'道具表|itemBase'!$A$5:$B$1112,2,FALSE) -> 补天石(3重) | J47: =J46+1 -> 43 | K47: 1 | L47: 180 | M47: 1 | N47: =N43 -> 5 | O47: 2 | P47: 1.5 | Q47: 100 | R47: =VLOOKUP(L47,'道具表|itemBase'!$A$5:$C$1112,3,FALSE) -> 1
H48: =VLOOKUP(L48,'道具表|itemBase'!$A$5:$B$1112,2,FALSE) -> 补天石(4重) | J48: =J47+1 -> 44 | K48: 1 | L48: 181 | M48: 1 | N48: =N44 -> 0 | Q48: 100 | R48: =VLOOKUP(L48,'道具表|itemBase'!$A$5:$C$1112,3,FALSE) -> 1
H49: =VLOOKUP(L49,'道具表|itemBase'!$A$5:$B$1112,2,FALSE) -> 冰魄珠(1重) | J49: =J48+1 -> 45 | K49: 1 | L49: 182 | M49: 1 | N49: 20 | Q49: 0 | R49: =VLOOKUP(L49,'道具表|itemBase'!$A$5:$C$1112,3,FALSE) -> 1
H50: =VLOOKUP(L50,'道具表|itemBase'!$A$5:$B$1112,2,FALSE) -> 冰魄珠(2重) | J50: =J49+1 -> 46 | K50: 1 | L50: 183 | M50: 1 | N50: 5 | O50: 2 | P50: 1.5 | Q50: 50 | R50: =VLOOKUP(L50,'道具表|itemBase'!$A$5:$C$1112,3,FALSE) -> 1
H51: =VLOOKUP(L51,'道具表|itemBase'!$A$5:$B$1112,2,FALSE) -> 冰魄珠(3重) | J51: =J50+1 -> 47 | K51: 1 | L51: 184 | M51: 1 | N51: =N47 -> 5 | O51: 2 | P51: 1.5 | Q51: 100 | R51: =VLOOKUP(L51,'道具表|itemBase'!$A$5:$C$1112,3,FALSE) -> 1
H52: =VLOOKUP(L52,'道具表|itemBase'!$A$5:$B$1112,2,FALSE) -> 冰魄珠(4重) | J52: =J51+1 -> 48 | K52: 1 | L52: 185 | M52: 1 | N52: =N48 -> 0 | Q52: 100 | R52: =VLOOKUP(L52,'道具表|itemBase'!$A$5:$C$1112,3,FALSE) -> 1
H53: =VLOOKUP(L53,'道具表|itemBase'!$A$5:$B$1112,2,FALSE) -> 魔手印(1重) | J53: =J52+1 -> 49 | K53: 1 | L53: 186 | M53: 1 | N53: 20 | Q53: 0 | R53: =VLOOKUP(L53,'道具表|itemBase'!$A$5:$C$1112,3,FALSE) -> 1
H54: =VLOOKUP(L54,'道具表|itemBase'!$A$5:$B$1112,2,FALSE) -> 魔手印(2重) | J54: =J53+1 -> 50 | K54: 1 | L54: 187 | M54: 1 | N54: 5 | O54: 2 | P54: 1.5 | Q54: 50 | R54: =VLOOKUP(L54,'道具表|itemBase'!$A$5:$C$1112,3,FALSE) -> 1
H55: =VLOOKUP(L55,'道具表|itemBase'!$A$5:$B$1112,2,FALSE) -> 魔手印(3重) | J55: =J54+1 -> 51 | K55: 1 | L55: 188 | M55: 1 | N55: =N51 -> 5 | O55: 2 | P55: 1.5 | Q55: 100 | R55: =VLOOKUP(L55,'道具表|itemBase'!$A$5:$C$1112,3,FALSE) -> 1
H56: =VLOOKUP(L56,'道具表|itemBase'!$A$5:$B$1112,2,FALSE) -> 魔手印(4重) | J56: =J55+1 -> 52 | K56: 1 | L56: 189 | M56: 1 | N56: =N52 -> 0 | Q56: 100 | R56: =VLOOKUP(L56,'道具表|itemBase'!$A$5:$C$1112,3,FALSE) -> 1
H57: =VLOOKUP(L57,'道具表|itemBase'!$A$5:$B$1112,2,FALSE) -> 纸鹤(1重) | J57: =J56+1 -> 53 | K57: 1 | L57: 190 | M57: 1 | N57: 20 | Q57: 0 | R57: =VLOOKUP(L57,'道具表|itemBase'!$A$5:$C$1112,3,FALSE) -> 1
H58: =VLOOKUP(L58,'道具表|itemBase'!$A$5:$B$1112,2,FALSE) -> 纸鹤(2重) | J58: =J57+1 -> 54 | K58: 1 | L58: 191 | M58: 1 | N58: 5 | O58: 2 | P58: 1.5 | Q58: 50 | R58: =VLOOKUP(L58,'道具表|itemBase'!$A$5:$C$1112,3,FALSE) -> 1
H59: =VLOOKUP(L59,'道具表|itemBase'!$A$5:$B$1112,2,FALSE) -> 纸鹤(3重) | J59: =J58+1 -> 55 | K59: 1 | L59: 192 | M59: 1 | N59: =N55 -> 5 | O59: 2 | P59: 1.5 | Q59: 100 | R59: =VLOOKUP(L59,'道具表|itemBase'!$A$5:$C$1112,3,FALSE) -> 1
H60: =VLOOKUP(L60,'道具表|itemBase'!$A$5:$B$1112,2,FALSE) -> 纸鹤(4重) | J60: =J59+1 -> 56 | K60: 1 | L60: 193 | M60: 1 | N60: =N56 -> 0 | Q60: 100 | R60: =VLOOKUP(L60,'道具表|itemBase'!$A$5:$C$1112,3,FALSE) -> 1
H61: =VLOOKUP(L61,'道具表|itemBase'!$A$5:$B$1112,2,FALSE) -> 乾坤镜(1重) | J61: =J60+1 -> 57 | K61: 1 | L61: 194 | M61: 1 | N61: 20 | Q61: 0 | R61: =VLOOKUP(L61,'道具表|itemBase'!$A$5:$C$1112,3,FALSE) -> 1
H62: =VLOOKUP(L62,'道具表|itemBase'!$A$5:$B$1112,2,FALSE) -> 乾坤镜(2重) | J62: =J61+1 -> 58 | K62: 1 | L62: 195 | M62: 1 | N62: 5 | O62: 2 | P62: 1.5 | Q62: 50 | R62: =VLOOKUP(L62,'道具表|itemBase'!$A$5:$C$1112,3,FALSE) -> 1
H63: =VLOOKUP(L63,'道具表|itemBase'!$A$5:$B$1112,2,FALSE) -> 乾坤镜(3重) | J63: =J62+1 -> 59 | K63: 1 | L63: 196 | M63: 1 | N63: =N59 -> 5 | O63: 2 | P63: 1.5 | Q63: 100 | R63: =VLOOKUP(L63,'道具表|itemBase'!$A$5:$C$1112,3,FALSE) -> 1
H64: =VLOOKUP(L64,'道具表|itemBase'!$A$5:$B$1112,2,FALSE) -> 乾坤镜(4重) | J64: =J63+1 -> 60 | K64: 1 | L64: 197 | M64: 1 | N64: =N60 -> 0 | Q64: 100 | R64: =VLOOKUP(L64,'道具表|itemBase'!$A$5:$C$1112,3,FALSE) -> 1
H65: =VLOOKUP(L65,'道具表|itemBase'!$A$5:$B$1112,2,FALSE) -> 焚天功(1重) | J65: =J64+1 -> 61 | K65: 1 | L65: 198 | M65: 1 | N65: 20 | Q65: 0 | R65: =VLOOKUP(L65,'道具表|itemBase'!$A$5:$C$1112,3,FALSE) -> 1
H66: =VLOOKUP(L66,'道具表|itemBase'!$A$5:$B$1112,2,FALSE) -> 焚天功(2重) | J66: =J65+1 -> 62 | K66: 1 | L66: 199 | M66: 1 | N66: 5 | O66: 2 | P66: 1.5 | Q66: 50 | R66: =VLOOKUP(L66,'道具表|itemBase'!$A$5:$C$1112,3,FALSE) -> 1
H67: =VLOOKUP(L67,'道具表|itemBase'!$A$5:$B$1112,2,FALSE) -> 焚天功(3重) | J67: =J66+1 -> 63 | K67: 1 | L67: 200 | M67: 1 | N67: =N63 -> 5 | O67: 2 | P67: 1.5 | Q67: 100 | R67: =VLOOKUP(L67,'道具表|itemBase'!$A$5:$C$1112,3,FALSE) -> 1
H68: =VLOOKUP(L68,'道具表|itemBase'!$A$5:$B$1112,2,FALSE) -> 焚天功(4重) | J68: =J67+1 -> 64 | K68: 1 | L68: 201 | M68: 1 | N68: =N64 -> 0 | Q68: 100 | R68: =VLOOKUP(L68,'道具表|itemBase'!$A$5:$C$1112,3,FALSE) -> 1
H69: =VLOOKUP(L69,'道具表|itemBase'!$A$5:$B$1112,2,FALSE) -> 混沌青莲(1重) | J69: =J68+1 -> 65 | K69: 1 | L69: 202 | M69: 1 | N69: 20 | Q69: 0 | R69: =VLOOKUP(L69,'道具表|itemBase'!$A$5:$C$1112,3,FALSE) -> 1
H70: =VLOOKUP(L70,'道具表|itemBase'!$A$5:$B$1112,2,FALSE) -> 混沌青莲(2重) | J70: =J69+1 -> 66 | K70: 1 | L70: 203 | M70: 1 | N70: 5 | O70: 2 | P70: 1.5 | Q70: 50 | R70: =VLOOKUP(L70,'道具表|itemBase'!$A$5:$C$1112,3,FALSE) -> 1
H71: =VLOOKUP(L71,'道具表|itemBase'!$A$5:$B$1112,2,FALSE) -> 混沌青莲(3重) | J71: =J70+1 -> 67 | K71: 1 | L71: 204 | M71: 1 | N71: =N67 -> 5 | O71: 2 | P71: 1.5 | Q71: 100 | R71: =VLOOKUP(L71,'道具表|itemBase'!$A$5:$C$1112,3,FALSE) -> 1
H72: =VLOOKUP(L72,'道具表|itemBase'!$A$5:$B$1112,2,FALSE) -> 混沌青莲(4重) | J72: =J71+1 -> 68 | K72: 1 | L72: 205 | M72: 1 | N72: =N68 -> 0 | Q72: 100 | R72: =VLOOKUP(L72,'道具表|itemBase'!$A$5:$C$1112,3,FALSE) -> 1
H73: =VLOOKUP(L73,'道具表|itemBase'!$A$5:$B$1112,2,FALSE) -> 雷电术(1重) | J73: =J72+1 -> 69 | K73: 1 | L73: 208 | M73: 1 | N73: 20 | Q73: 0 | R73: =VLOOKUP(L73,'道具表|itemBase'!$A$5:$C$1112,3,FALSE) -> 1
H74: =VLOOKUP(L74,'道具表|itemBase'!$A$5:$B$1112,2,FALSE) -> 雷电术(2重) | J74: =J73+1 -> 70 | K74: 1 | L74: 209 | M74: 1 | N74: 5 | O74: 2 | P74: 1.5 | Q74: 50 | R74: =VLOOKUP(L74,'道具表|itemBase'!$A$5:$C$1112,3,FALSE) -> 1
H75: =VLOOKUP(L75,'道具表|itemBase'!$A$5:$B$1112,2,FALSE) -> 雷电术(3重) | J75: =J74+1 -> 71 | K75: 1 | L75: 210 | M75: 1 | N75: =N71 -> 5 | O75: 2 | P75: 1.5 | Q75: 100 | R75: =VLOOKUP(L75,'道具表|itemBase'!$A$5:$C$1112,3,FALSE) -> 1
H76: =VLOOKUP(L76,'道具表|itemBase'!$A$5:$B$1112,2,FALSE) -> 雷电术(4重) | J76: =J75+1 -> 72 | K76: 1 | L76: 211 | M76: 1 | N76: =N72 -> 0 | Q76: 100 | R76: =VLOOKUP(L76,'道具表|itemBase'!$A$5:$C$1112,3,FALSE) -> 1
H77: =VLOOKUP(L77,'道具表|itemBase'!$A$5:$B$1112,2,FALSE) -> 强化宝箱(3重) | J77: =J76+1 -> 73 | K77: 2 | L77: 39 | M77: 1 | N77: 20 | Q77: 100 | R77: =VLOOKUP(L77,'道具表|itemBase'!$A$5:$C$1112,3,FALSE) -> 1
H78: =VLOOKUP(L78,'道具表|itemBase'!$A$5:$B$1112,2,FALSE) -> 强化宝箱(2重) | J78: =J77+1 -> 74 | K78: 2 | L78: 40 | M78: 1 | N78: 0 | Q78: 0 | R78: =VLOOKUP(L78,'道具表|itemBase'!$A$5:$C$1112,3,FALSE) -> 1
H79: =VLOOKUP(L79,'道具表|itemBase'!$A$5:$B$1112,2,FALSE) -> 强化宝箱(3重) | J79: =J78+1 -> 75 | K79: 2 | L79: 41 | M79: 1 | N79: 0 | Q79: 0 | R79: =VLOOKUP(L79,'道具表|itemBase'!$A$5:$C$1112,3,FALSE) -> 1
H80: =VLOOKUP(L80,'道具表|itemBase'!$A$5:$B$1112,2,FALSE) -> 强化宝箱(4重) | J80: =J79+1 -> 76 | K80: 2 | L80: 42 | M80: 1 | N80: 0 | Q80: 0 | R80: =VLOOKUP(L80,'道具表|itemBase'!$A$5:$C$1112,3,FALSE) -> 1
H81: =VLOOKUP(L81,'道具表|itemBase'!$A$5:$B$1112,2,FALSE) -> 傀儡人(3重) | J81: =J80+1 -> 77 | K81: 2 | L81: 43 | M81: 1 | N81: 15 | Q81: 100 | R81: =VLOOKUP(L81,'道具表|itemBase'!$A$5:$C$1112,3,FALSE) -> 1
H82: =VLOOKUP(L82,'道具表|itemBase'!$A$5:$B$1112,2,FALSE) -> 傀儡人(2重) | J82: =J81+1 -> 78 | K82: 2 | L82: 44 | M82: 1 | N82: 0 | Q82: 0 | R82: =VLOOKUP(L82,'道具表|itemBase'!$A$5:$C$1112,3,FALSE) -> 1
H83: =VLOOKUP(L83,'道具表|itemBase'!$A$5:$B$1112,2,FALSE) -> 傀儡人(3重) | J83: =J82+1 -> 79 | K83: 2 | L83: 45 | M83: 1 | N83: 0 | Q83: 0 | R83: =VLOOKUP(L83,'道具表|itemBase'!$A$5:$C$1112,3,FALSE) -> 1
H84: =VLOOKUP(L84,'道具表|itemBase'!$A$5:$B$1112,2,FALSE) -> 傀儡人(4重) | J84: =J83+1 -> 80 | K84: 2 | L84: 46 | M84: 1 | N84: 0 | Q84: 0 | R84: =VLOOKUP(L84,'道具表|itemBase'!$A$5:$C$1112,3,FALSE) -> 1
H85: =VLOOKUP(L85,'道具表|itemBase'!$A$5:$B$1112,2,FALSE) -> 定身咒(4重) | J85: =J84+1 -> 81 | K85: 2 | L85: 47 | M85: 1 | N85: 15 | Q85: 100 | R85: =VLOOKUP(L85,'道具表|itemBase'!$A$5:$C$1112,3,FALSE) -> 1
H86: =VLOOKUP(L86,'道具表|itemBase'!$A$5:$B$1112,2,FALSE) -> 定身咒(2重) | J86: =J85+1 -> 82 | K86: 2 | L86: 48 | M86: 1 | N86: 0 | Q86: 0 | R86: =VLOOKUP(L86,'道具表|itemBase'!$A$5:$C$1112,3,FALSE) -> 1
H87: =VLOOKUP(L87,'道具表|itemBase'!$A$5:$B$1112,2,FALSE) -> 定身咒(3重) | J87: =J86+1 -> 83 | K87: 2 | L87: 49 | M87: 1 | N87: 0 | Q87: 0 | R87: =VLOOKUP(L87,'道具表|itemBase'!$A$5:$C$1112,3,FALSE) -> 1
H88: =VLOOKUP(L88,'道具表|itemBase'!$A$5:$B$1112,2,FALSE) -> 定身咒(4重) | J88: =J87+1 -> 84 | K88: 2 | L88: 50 | M88: 1 | N88: 0 | Q88: 0 | R88: =VLOOKUP(L88,'道具表|itemBase'!$A$5:$C$1112,3,FALSE) -> 1
... H93: =VLOOKUP(L93,'道具表|itemBase'!$A$5:$B$1112,2,FALSE) -> 生命(1重) | J93: =J92+1 -> 89 | K93: 3 | L93: 55 | M93: 1 | N93: 10 | Q93: 0 | R93: =VLOOKUP(L93,'道具表|itemBase'!$A$5:$C$1112,3,FALSE) -> 1
H94: =VLOOKUP(L94,'道具表|itemBase'!$A$5:$B$1112,2,FALSE) -> 生命(2重) | J94: =J93+1 -> 90 | K94: 3 | L94: 56 | M94: 1 | N94: 10 | O94: 1,2 | P94: 1.5 | Q94: 100 | R94: =VLOOKUP(L94,'道具表|itemBase'!$A$5:$C$1112,3,FALSE) -> 1
H95: =VLOOKUP(L95,'道具表|itemBase'!$A$5:$B$1112,2,FALSE) -> 生命(3重) | J95: =J94+1 -> 91 | K95: 3 | L95: 57 | M95: 1 | N95: 0 | Q95: 100 | R95: =VLOOKUP(L95,'道具表|itemBase'!$A$5:$C$1112,3,FALSE) -> 1
H96: =VLOOKUP(L96,'道具表|itemBase'!$A$5:$B$1112,2,FALSE) -> 生命(4重) | J96: =J95+1 -> 92 | K96: 3 | L96: 58 | M96: 1 | N96: 0 | Q96: 100 | R96: =VLOOKUP(L96,'道具表|itemBase'!$A$5:$C$1112,3,FALSE) -> 1
H97: =VLOOKUP(L97,'道具表|itemBase'!$A$5:$B$1112,2,FALSE) -> 护盾(1重) | J97: =J96+1 -> 93 | K97: 3 | L97: 59 | M97: 1 | N97: 10 | Q97: 0 | R97: =VLOOKUP(L97,'道具表|itemBase'!$A$5:$C$1112,3,FALSE) -> 1
H98: =VLOOKUP(L98,'道具表|itemBase'!$A$5:$B$1112,2,FALSE) -> 护盾(2重) | J98: =J97+1 -> 94 | K98: 3 | L98: 60 | M98: 1 | N98: 10 | O98: 1,2 | P98: 1.5 | Q98: 75 | R98: =VLOOKUP(L98,'道具表|itemBase'!$A$5:$C$1112,3,FALSE) -> 1
H99: =VLOOKUP(L99,'道具表|itemBase'!$A$5:$B$1112,2,FALSE) -> 护盾(3重) | J99: =J98+1 -> 95 | K99: 3 | L99: 61 | M99: 1 | N99: 0 | Q99: 100 | R99: =VLOOKUP(L99,'道具表|itemBase'!$A$5:$C$1112,3,FALSE) -> 1
H100: =VLOOKUP(L100,'道具表|itemBase'!$A$5:$B$1112,2,FALSE) -> 护盾(4重) | J100: =J99+1 -> 96 | K100: 3 | L100: 62 | M100: 1 | N100: 0 | Q100: 100 | R100: =VLOOKUP(L100,'道具表|itemBase'!$A$5:$C$1112,3,FALSE) -> 1
H101: =VLOOKUP(L101,'道具表|itemBase'!$A$5:$B$1112,2,FALSE) -> 铜钱(1重) | J101: =J100+1 -> 97 | K101: 3 | L101: 63 | M101: 1 | N101: 15 | Q101: 0 | R101: =VLOOKUP(L101,'道具表|itemBase'!$A$5:$C$1112,3,FALSE) -> 1
H102: =VLOOKUP(L102,'道具表|itemBase'!$A$5:$B$1112,2,FALSE) -> 铜钱(2重) | J102: =J101+1 -> 98 | K102: 3 | L102: 64 | M102: 1 | N102: 8 | Q102: 100 | R102: =VLOOKUP(L102,'道具表|itemBase'!$A$5:$C$1112,3,FALSE) -> 1
H103: =VLOOKUP(L103,'道具表|itemBase'!$A$5:$B$1112,2,FALSE) -> 铜钱(3重) | J103: =J102+1 -> 99 | K103: 3 | L103: 65 | M103: 1 | N103: 0 | Q103: 100 | R103: =VLOOKUP(L103,'道具表|itemBase'!$A$5:$C$1112,3,FALSE) -> 1
H104: =VLOOKUP(L104,'道具表|itemBase'!$A$5:$B$1112,2,FALSE) -> 铜钱(4重) | J104: =J103+1 -> 100 | K104: 3 | L104: 66 | M104: 1 | N104: 0 | Q104: 100 | R104: =VLOOKUP(L104,'道具表|itemBase'!$A$5:$C$1112,3,FALSE) -> 1
...

Sheet 属性枚举|GameAttr$Enum
A1: 编号 | B1: 属性内部名 | C1: 属性外部名 | D1: 说明
A2: int | B2: string | C2: string | D2: string
A3: id | B3: name | C3: note | D3: note2
A4: server/client | B4: server/client | C4: server/client | D4: server/client
A5: 1 | B5: HP | C5: 生命 | D5: 生命为0就会被消灭
A6: 2 | B6: SP | C6: 护盾 | D6: 抵抗生命伤害
A7: 3 | B7: attack | C7: 攻击力 | D7: 提高造成的伤害
A8: 4 | B8: def | C8: 防御力 | D8: 降低受到的伤害
A9: 5 | B9: block | C9: 格挡率 | D9: 有概率让攻击导致的伤害为0
A10: 6 | B10: aoeHurtCorrect | C10: AOE伤害百分比
A11: 7 | B11: aoeCriticalProbability | C11: AOE暴击率 | D11: AOE暴击概率
A12: 8 | B12: aoeCriticalDam | C12: AOE暴击伤害倍率 | D12: AOE暴击伤害
A13: 9 | B13: hitHurtCorrect | C13: 命中伤害百分比
A14: 10 | B14: hitCriticalProbability | C14: 命中暴击率 | D14: 命中暴击概率
A15: 11 | B15: hitCriticalDam | C15: 命中暴击伤害倍率 | D15: 命中暴击伤害
A16: 12 | B16: damageCorrect | C16: 子弹伤害修正
A17: 13 | B17: monMove | C17: 怪物移动 | D17: 每秒经过多少坐标距离
A18: 14 | B18: heroMove | C18: 英雄移动速度 | D18: 每秒经过多少个格子
A19: 15 | B19: maxHP | C19: 生命最大值
A20: 16 | B20: maxSP | C20: 最大护盾值
A21: 17 | B21: ammoCost | C21: 激活需求 | D21: 需要多少抵达点数，才能激活效果
A22: 18 | B22: load | C22: 装填效率 | D22: 每次抵达，提供多少抵达点数
A23: 19 | B23: cd | C23: 冷却时间 | D23: 激活后，需要多少毫秒才能再次使用
A24: 101 | B24: atkMul | C24: 百分比修改攻击
A25: 102 | B25: maxHPMul | C25: 百分比修改最大HP
A26: 103 | B26: moveMul | C26: 百分比修改移动速度
A27: 104 | B27: maxSPMul | C27: 百分比修改最大护盾

Sheet 装备升级|wapenUp（废弃）
A1: ='M1'!A7 -> 等级 | B1: ='M1'!B7 -> 期望DPS | D1: 保底元宝 | E1: 对标关卡 | AB1: 等级 | AC1: 消耗的道具 | AD1: 类型1的价格 | AE1: 类型1的攻击 | AF1: 类型2的价格 | AG1: 类型2的攻击 | AH1: 类型3的价格 | AI1: 类型3的攻击 | AJ1: 类型4的价格 | AK1: 类型4的攻击 | AL1: 类型5的价格 | AM1: 类型5的攻击 | AN1: 类型6的价格 | AO1: 类型6的攻击 | AP1: 类型7的价格 | AQ1: 类型7的攻击 | AR1: 类型8的价格 | AS1: 类型8的攻击
A2: ='M1'!A8 -> 1 | B2: ='M1'!B8 -> 10 | D2: ='关卡表|pass'!AA55 -> 29500 | E2: 50 | L2: 攻击放大 | N2: 攻击放大 | P2: 攻击放大 | R2: 攻击放大 | T2: 攻击放大 | V2: 攻击放大 | X2: 攻击放大 | Z2: 攻击放大 | AB2: int | AC2: int | AD2: int | AE2: int | AF2: int | AG2: int | AH2: int | AI2: int | AJ2: int | AK2: int | AL2: int | AM2: int | AN2: int | AO2: int | AP2: int | AQ2: int | AR2: int | AS2: int
A3: ='M1'!A9 -> 2 | B3: ='M1'!B9 -> 20 | D3: 元宝倍率 | E3: 总消耗 | I3: 消耗权重 | J3: 攻击间隔 | K3: ='装备大类|wapenTable'!Q5 -> 1 | L3: 1 | M3: ='装备大类|wapenTable'!Q6 -> 1 | N3: 1.1 | O3: ='装备大类|wapenTable'!Q7 -> 2 | P3: 1.2 | Q3: ='装备大类|wapenTable'!Q8 -> 2 | R3: 1.3 | S3: ='装备大类|wapenTable'!Q9 -> 2 | T3: 1.4 | U3: ='装备大类|wapenTable'!Q10 -> 2 | V3: 1.5 | W3: ='装备大类|wapenTable'!Q11 -> 3 | X3: 1.6 | Y3: ='装备大类|wapenTable'!Q12 -> 4 | Z3: 1.7 | AB3: id | AC3: item | AD3: cost1 | AE3: atk1 | AF3: cost2 | AG3: atk2 | AH3: cost3 | AI3: atk3 | AJ3: cost4 | AK3: atk4 | AL3: cost5 | AM3: atk5 | AN3: cost6 | AO3: atk6 | AP3: cost7 | AQ3: atk7 | AR3: cost8 | AS3: atk8
A4: ='M1'!A10 -> 3 | B4: ='M1'!B10 -> 30 | D4: 75 | E4: =D4*D2 -> 2212500 | I4: =SUM(K5:K34)+SUM(M5:M34)+SUM(O5:O34)+SUM(Q5:Q34)+SUM(S5:S34)+SUM(U5:U34)+SUM(W5:W34)+SUM(Y5:Y34) -> 7672.0744 | J4: 类型ID | K4: 1 | L4: 攻击设置 | M4: 2 | O4: 3 | Q4: 4 | S4: 5 | U4: 6 | W4: 7 | Y4: 8 | AB4: server/client | AC4: server/client | AD4: server/client | AE4: server/client | AF4: server/client | AG4: server/client | AH4: server/client | AI4: server/client | AJ4: server/client | AK4: server/client | AL4: server/client | AM4: server/client | AN4: server/client | AO4: server/client | AP4: server/client | AQ4: server/client | AR4: server/client | AS4: server/client
A5: ='M1'!A11 -> 4 | B5: ='M1'!B11 -> 40 | I5: 升级总消耗 | J5: 消耗 | K5: 1 | L5: =$B$2/(1/K3)*L3 -> 10 | M5: =K5*1.2 -> 1.2 | N5: =$B$2/(1/M3)*N3 -> 11 | O5: =M5*1.2 -> 1.44 | P5: =$B$2/(1/O3)*P3 -> 24 | Q5: =O5*1.2 -> 1.728 | R5: =$B$2/(1/Q3)*R3 -> 26 | S5: =Q5*1.2 -> 2.0736 | T5: =$B$2/(1/S3)*T3 -> 28 | U5: =S5*1.2 -> 2.48832 | V5: =$B$2/(1/U3)*V3 -> 30 | W5: =U5*1.2 -> 2.985984 | X5: =$B$2/(1/W3)*X3 -> 48 | Y5: =W5*1.2 -> 3.5831808 | Z5: =$B$2/(1/Y3)*Z3 -> 68 | AB5: 1 | AC5: 1 | AD5: =INT($E$4*(K5/$I$4)) -> 288 | AE5: =L5 -> 10 | AF5: =INT($E$4*(M5/$I$4)) -> 346 | AG5: =N5 -> 11 | AH5: =INT($E$4*(O5/$I$4)) -> 415 | AI5: =P5 -> 24 | AJ5: =INT($E$4*(Q5/$I$4)) -> 498 | AK5: =R5 -> 26 | AL5: =INT($E$4*(S5/$I$4)) -> 597 | AM5: =T5 -> 28 | AN5: =INT($E$4*(U5/$I$4)) -> 717 | AO5: =V5 -> 30 | AP5: =INT($E$4*(W5/$I$4)) -> 861 | AQ5: =X5 -> 48 | AR5: =INT($E$4*(Y5/$I$4)) -> 1033 | AS5: =Z5 -> 68
I6: =AD5+AF5+AH5+AJ5+AL5+AN5+AP5+AR5 -> 4755 | J6: 2 | K6: 2 | L6: 1.1 | M6: =K6*1.2 -> 2.4 | N6: 1.1 | O6: =M6*1.2 -> 2.88 | P6: 1.1 | Q6: =O6*1.2 -> 3.456 | R6: 1.1 | S6: =Q6*1.2 -> 4.1472 | T6: 1.1 | U6: =S6*1.2 -> 4.97664 | V6: 1.1 | W6: =U6*1.2 -> 5.971968 | X6: 1.1 | Y6: =W6*1.2 -> 7.1663616 | Z6: 1.1 | AB6: 2 | AC6: 1 | AD6: =INT($E$4*(K6/$I$4)) -> 576 | AE6: =AE5+L$5*(L6-1) -> 11 | AF6: =INT($E$4*(M6/$I$4)) -> 692 | AG6: =AG5+N$5*(N6-1) -> 12.1 | AH6: =INT($E$4*(O6/$I$4)) -> 830 | AI6: =AI5+P$5*(P6-1) -> 26.4 | AJ6: =INT($E$4*(Q6/$I$4)) -> 996 | AK6: =AK5+R$5*(R6-1) -> 28.6 | AL6: =INT($E$4*(S6/$I$4)) -> 1195 | AM6: =AM5+T$5*(T6-1) -> 30.8 | AN6: =INT($E$4*(U6/$I$4)) -> 1435 | AO6: =AO5+V$5*(V6-1) -> 33 | AP6: =INT($E$4*(W6/$I$4)) -> 1722 | AQ6: =AQ5+X$5*(X6-1) -> 52.8 | AR6: =INT($E$4*(Y6/$I$4)) -> 2066 | AS6: =AS5+Z$5*(Z6-1) -> 74.8
I7: =AD6+AF6+AH6+AJ6+AL6+AN6+AP6+AR6+I6 -> 14267 | J7: =AB7 -> 3 | K7: 3 | L7: 1.1 | M7: =K7*1.2 -> 3.6 | N7: 1.1 | O7: =M7*1.2 -> 4.32 | P7: 1.1 | Q7: =O7*1.2 -> 5.184 | R7: 1.1 | S7: =Q7*1.2 -> 6.2208 | T7: 1.1 | U7: =S7*1.2 -> 7.46496 | V7: 1.1 | W7: =U7*1.2 -> 8.957952 | X7: 1.1 | Y7: =W7*1.2 -> 10.749542 | Z7: 1.1 | AB7: 3 | AC7: 1 | AD7: =INT($E$4*(K7/$I$4)) -> 865 | AE7: =AE6+L$5*(L7-1) -> 12 | AF7: =INT($E$4*(M7/$I$4)) -> 1038 | AG7: =AG6+N$5*(N7-1) -> 13.2 | AH7: =INT($E$4*(O7/$I$4)) -> 1245 | AI7: =AI6+P$5*(P7-1) -> 28.8 | AJ7: =INT($E$4*(Q7/$I$4)) -> 1494 | AK7: =AK6+R$5*(R7-1) -> 31.2 | AL7: =INT($E$4*(S7/$I$4)) -> 1793 | AM7: =AM6+T$5*(T7-1) -> 33.6 | AN7: =INT($E$4*(U7/$I$4)) -> 2152 | AO7: =AO6+V$5*(V7-1) -> 36 | AP7: =INT($E$4*(W7/$I$4)) -> 2583 | AQ7: =AQ6+X$5*(X7-1) -> 57.6 | AR7: =INT($E$4*(Y7/$I$4)) -> 3099 | AS7: =AS6+Z$5*(Z7-1) -> 81.6
I8: =AD7+AF7+AH7+AJ7+AL7+AN7+AP7+AR7+I7 -> 28536 | J8: =AB8 -> 4 | K8: 4 | L8: 1.1 | M8: =K8*1.2 -> 4.8 | N8: 1.1 | O8: =M8*1.2 -> 5.76 | P8: 1.1 | Q8: =O8*1.2 -> 6.912 | R8: 1.1 | S8: =Q8*1.2 -> 8.2944 | T8: 1.1 | U8: =S8*1.2 -> 9.95328 | V8: 1.1 | W8: =U8*1.2 -> 11.943936 | X8: 1.1 | Y8: =W8*1.2 -> 14.332723 | Z8: 1.1 | AB8: 4 | AC8: 1 | AD8: =INT($E$4*(K8/$I$4)) -> 1153 | AE8: =AE7+L$5*(L8-1) -> 13 | AF8: =INT($E$4*(M8/$I$4)) -> 1384 | AG8: =AG7+N$5*(N8-1) -> 14.3 | AH8: =INT($E$4*(O8/$I$4)) -> 1661 | AI8: =AI7+P$5*(P8-1) -> 31.2 | AJ8: =INT($E$4*(Q8/$I$4)) -> 1993 | AK8: =AK7+R$5*(R8-1) -> 33.8 | AL8: =INT($E$4*(S8/$I$4)) -> 2391 | AM8: =AM7+T$5*(T8-1) -> 36.4 | AN8: =INT($E$4*(U8/$I$4)) -> 2870 | AO8: =AO7+V$5*(V8-1) -> 39 | AP8: =INT($E$4*(W8/$I$4)) -> 3444 | AQ8: =AQ7+X$5*(X8-1) -> 62.4 | AR8: =INT($E$4*(Y8/$I$4)) -> 4133 | AS8: =AS7+Z$5*(Z8-1) -> 88.4
A9: 大类ID | B9: 系数 | I9: =AD8+AF8+AH8+AJ8+AL8+AN8+AP8+AR8+I8 -> 47565 | J9: =AB9 -> 5 | K9: 5 | L9: 1.1 | M9: =K9*1.2 -> 6 | N9: 1.1 | O9: =M9*1.2 -> 7.2 | P9: 1.1 | Q9: =O9*1.2 -> 8.64 | R9: 1.1 | S9: =Q9*1.2 -> 10.368 | T9: 1.1 | U9: =S9*1.2 -> 12.4416 | V9: 1.1 | W9: =U9*1.2 -> 14.92992 | X9: 1.1 | Y9: =W9*1.2 -> 17.915904 | Z9: 1.1 | AB9: 5 | AC9: 1 | AD9: =INT($E$4*(K9/$I$4)) -> 1441 | AE9: =AE8+L$5*(L9-1) -> 14 | AF9: =INT($E$4*(M9/$I$4)) -> 1730 | AG9: =AG8+N$5*(N9-1) -> 15.4 | AH9: =INT($E$4*(O9/$I$4)) -> 2076 | AI9: =AI8+P$5*(P9-1) -> 33.6 | AJ9: =INT($E$4*(Q9/$I$4)) -> 2491 | AK9: =AK8+R$5*(R9-1) -> 36.4 | AL9: =INT($E$4*(S9/$I$4)) -> 2989 | AM9: =AM8+T$5*(T9-1) -> 39.2 | AN9: =INT($E$4*(U9/$I$4)) -> 3587 | AO9: =AO8+V$5*(V9-1) -> 42 | AP9: =INT($E$4*(W9/$I$4)) -> 4305 | AQ9: =AQ8+X$5*(X9-1) -> 67.2 | AR9: =INT($E$4*(Y9/$I$4)) -> 5166 | AS9: =AS8+Z$5*(Z9-1) -> 95.2
A10: 1 | B10: =L3 -> 1 | I10: =AD9+AF9+AH9+AJ9+AL9+AN9+AP9+AR9+I9 -> 71350 | J10: =AB10 -> 6 | K10: 6 | L10: 1.1 | M10: =K10*1.2 -> 7.2 | N10: 1.1 | O10: =M10*1.2 -> 8.64 | P10: 1.1 | Q10: =O10*1.2 -> 10.368 | R10: 1.1 | S10: =Q10*1.2 -> 12.4416 | T10: 1.1 | U10: =S10*1.2 -> 14.92992 | V10: 1.1 | W10: =U10*1.2 -> 17.915904 | X10: 1.1 | Y10: =W10*1.2 -> 21.499085 | Z10: 1.1 | AB10: 6 | AC10: 1 | AD10: =INT($E$4*(K10/$I$4)) -> 1730 | AE10: =AE9+L$5*(L10-1) -> 15 | AF10: =INT($E$4*(M10/$I$4)) -> 2076 | AG10: =AG9+N$5*(N10-1) -> 16.5 | AH10: =INT($E$4*(O10/$I$4)) -> 2491 | AI10: =AI9+P$5*(P10-1) -> 36 | AJ10: =INT($E$4*(Q10/$I$4)) -> 2989 | AK10: =AK9+R$5*(R10-1) -> 39 | AL10: =INT($E$4*(S10/$I$4)) -> 3587 | AM10: =AM9+T$5*(T10-1) -> 42 | AN10: =INT($E$4*(U10/$I$4)) -> 4305 | AO10: =AO9+V$5*(V10-1) -> 45 | AP10: =INT($E$4*(W10/$I$4)) -> 5166 | AQ10: =AQ9+X$5*(X10-1) -> 72 | AR10: =INT($E$4*(Y10/$I$4)) -> 6199 | AS10: =AS9+Z$5*(Z10-1) -> 102
A11: 2 | B11: =N3 -> 1.1 | I11: =AD10+AF10+AH10+AJ10+AL10+AN10+AP10+AR10+I10 -> 99893 | J11: =AB11 -> 7 | K11: 7 | L11: 1.1 | M11: =K11*1.2 -> 8.4 | N11: 1.1 | O11: =M11*1.2 -> 10.08 | P11: 1.1 | Q11: =O11*1.2 -> 12.096 | R11: 1.1 | S11: =Q11*1.2 -> 14.5152 | T11: 1.1 | U11: =S11*1.2 -> 17.41824 | V11: 1.1 | W11: =U11*1.2 -> 20.901888 | X11: 1.1 | Y11: =W11*1.2 -> 25.082266 | Z11: 1.1 | AB11: 7 | AC11: 1 | AD11: =INT($E$4*(K11/$I$4)) -> 2018 | AE11: =AE10+L$5*(L11-1) -> 16 | AF11: =INT($E$4*(M11/$I$4)) -> 2422 | AG11: =AG10+N$5*(N11-1) -> 17.6 | AH11: =INT($E$4*(O11/$I$4)) -> 2906 | AI11: =AI10+P$5*(P11-1) -> 38.4 | AJ11: =INT($E$4*(Q11/$I$4)) -> 3488 | AK11: =AK10+R$5*(R11-1) -> 41.6 | AL11: =INT($E$4*(S11/$I$4)) -> 4185 | AM11: =AM10+T$5*(T11-1) -> 44.8 | AN11: =INT($E$4*(U11/$I$4)) -> 5023 | AO11: =AO10+V$5*(V11-1) -> 48 | AP11: =INT($E$4*(W11/$I$4)) -> 6027 | AQ11: =AQ10+X$5*(X11-1) -> 76.8 | AR11: =INT($E$4*(Y11/$I$4)) -> 7233 | AS11: =AS10+Z$5*(Z11-1) -> 108.8
A12: 3 | B12: =P3 -> 1.2 | I12: =AD11+AF11+AH11+AJ11+AL11+AN11+AP11+AR11+I11 -> 133195 | J12: =AB12 -> 8 | K12: 8 | L12: 1.1 | M12: =K12*1.2 -> 9.6 | N12: 1.1 | O12: =M12*1.2 -> 11.52 | P12: 1.1 | Q12: =O12*1.2 -> 13.824 | R12: 1.1 | S12: =Q12*1.2 -> 16.5888 | T12: 1.1 | U12: =S12*1.2 -> 19.90656 | V12: 1.1 | W12: =U12*1.2 -> 23.887872 | X12: 1.1 | Y12: =W12*1.2 -> 28.665446 | Z12: 1.1 | AB12: 8 | AC12: 1 | AD12: =INT($E$4*(K12/$I$4)) -> 2307 | AE12: =AE11+L$5*(L12-1) -> 17 | AF12: =INT($E$4*(M12/$I$4)) -> 2768 | AG12: =AG11+N$5*(N12-1) -> 18.7 | AH12: =INT($E$4*(O12/$I$4)) -> 3322 | AI12: =AI11+P$5*(P12-1) -> 40.8 | AJ12: =INT($E$4*(Q12/$I$4)) -> 3986 | AK12: =AK11+R$5*(R12-1) -> 44.2 | AL12: =INT($E$4*(S12/$I$4)) -> 4783 | AM12: =AM11+T$5*(T12-1) -> 47.6 | AN12: =INT($E$4*(U12/$I$4)) -> 5740 | AO12: =AO11+V$5*(V12-1) -> 51 | AP12: =INT($E$4*(W12/$I$4)) -> 6888 | AQ12: =AQ11+X$5*(X12-1) -> 81.6 | AR12: =INT($E$4*(Y12/$I$4)) -> 8266 | AS12: =AS11+Z$5*(Z12-1) -> 115.6
A13: 4 | B13: =R3 -> 1.3 | I13: =AD12+AF12+AH12+AJ12+AL12+AN12+AP12+AR12+I12 -> 171255 | J13: =AB13 -> 9 | K13: 9 | L13: 1.1 | M13: =K13*1.2 -> 10.8 | N13: 1.1 | O13: =M13*1.2 -> 12.96 | P13: 1.1 | Q13: =O13*1.2 -> 15.552 | R13: 1.1 | S13: =Q13*1.2 -> 18.6624 | T13: 1.1 | U13: =S13*1.2 -> 22.39488 | V13: 1.1 | W13: =U13*1.2 -> 26.873856 | X13: 1.1 | Y13: =W13*1.2 -> 32.248627 | Z13: 1.1 | AB13: 9 | AC13: 1 | AD13: =INT($E$4*(K13/$I$4)) -> 2595 | AE13: =AE12+L$5*(L13-1) -> 18 | AF13: =INT($E$4*(M13/$I$4)) -> 3114 | AG13: =AG12+N$5*(N13-1) -> 19.8 | AH13: =INT($E$4*(O13/$I$4)) -> 3737 | AI13: =AI12+P$5*(P13-1) -> 43.2 | AJ13: =INT($E$4*(Q13/$I$4)) -> 4484 | AK13: =AK12+R$5*(R13-1) -> 46.8 | AL13: =INT($E$4*(S13/$I$4)) -> 5381 | AM13: =AM12+T$5*(T13-1) -> 50.4 | AN13: =INT($E$4*(U13/$I$4)) -> 6458 | AO13: =AO12+V$5*(V13-1) -> 54 | AP13: =INT($E$4*(W13/$I$4)) -> 7749 | AQ13: =AQ12+X$5*(X13-1) -> 86.4 | AR13: =INT($E$4*(Y13/$I$4)) -> 9299 | AS13: =AS12+Z$5*(Z13-1) -> 122.4
A14: 5 | B14: =T3 -> 1.4 | I14: =AD13+AF13+AH13+AJ13+AL13+AN13+AP13+AR13+I13 -> 214072 | J14: =AB14 -> 10 | K14: 10 | L14: 1.1 | M14: =K14*1.2 -> 12 | N14: 1.1 | O14: =M14*1.2 -> 14.4 | P14: 1.1 | Q14: =O14*1.2 -> 17.28 | R14: 1.1 | S14: =Q14*1.2 -> 20.736 | T14: 1.1 | U14: =S14*1.2 -> 24.8832 | V14: 1.1 | W14: =U14*1.2 -> 29.85984 | X14: 1.1 | Y14: =W14*1.2 -> 35.831808 | Z14: 1.1 | AB14: 10 | AC14: 1 | AD14: =INT($E$4*(K14/$I$4)) -> 2883 | AE14: =AE13+L$5*(L14-1) -> 19 | AF14: =INT($E$4*(M14/$I$4)) -> 3460 | AG14: =AG13+N$5*(N14-1) -> 20.9 | AH14: =INT($E$4*(O14/$I$4)) -> 4152 | AI14: =AI13+P$5*(P14-1) -> 45.6 | AJ14: =INT($E$4*(Q14/$I$4)) -> 4983 | AK14: =AK13+R$5*(R14-1) -> 49.4 | AL14: =INT($E$4*(S14/$I$4)) -> 5979 | AM14: =AM13+T$5*(T14-1) -> 53.2 | AN14: =INT($E$4*(U14/$I$4)) -> 7175 | AO14: =AO13+V$5*(V14-1) -> 57 | AP14: =INT($E$4*(W14/$I$4)) -> 8611 | AQ14: =AQ13+X$5*(X14-1) -> 91.2 | AR14: =INT($E$4*(Y14/$I$4)) -> 10333 | AS14: =AS13+Z$5*(Z14-1) -> 129.2
A15: 6 | B15: =V3 -> 1.5 | I15: =AD14+AF14+AH14+AJ14+AL14+AN14+AP14+AR14+I14 -> 261648 | J15: =AB15 -> 11 | K15: 11 | L15: 1.1 | M15: =K15*1.2 -> 13.2 | N15: 1.1 | O15: =M15*1.2 -> 15.84 | P15: 1.1 | Q15: =O15*1.2 -> 19.008 | R15: 1.1 | S15: =Q15*1.2 -> 22.8096 | T15: 1.1 | U15: =S15*1.2 -> 27.37152 | V15: 1.1 | W15: =U15*1.2 -> 32.845824 | X15: 1.1 | Y15: =W15*1.2 -> 39.414989 | Z15: 1.1 | AB15: 11 | AC15: 1 | AD15: =INT($E$4*(K15/$I$4)) -> 3172 | AE15: =AE14+L$5*(L15-1) -> 20 | AF15: =INT($E$4*(M15/$I$4)) -> 3806 | AG15: =AG14+N$5*(N15-1) -> 22 | AH15: =INT($E$4*(O15/$I$4)) -> 4567 | AI15: =AI14+P$5*(P15-1) -> 48 | AJ15: =INT($E$4*(Q15/$I$4)) -> 5481 | AK15: =AK14+R$5*(R15-1) -> 52 | AL15: =INT($E$4*(S15/$I$4)) -> 6577 | AM15: =AM14+T$5*(T15-1) -> 56 | AN15: =INT($E$4*(U15/$I$4)) -> 7893 | AO15: =AO14+V$5*(V15-1) -> 60 | AP15: =INT($E$4*(W15/$I$4)) -> 9472 | AQ15: =AQ14+X$5*(X15-1) -> 96 | AR15: =INT($E$4*(Y15/$I$4)) -> 11366 | AS15: =AS14+Z$5*(Z15-1) -> 136
A16: 7 | B16: =X3 -> 1.6 | I16: =AD15+AF15+AH15+AJ15+AL15+AN15+AP15+AR15+I15 -> 313982 | J16: =AB16 -> 12 | K16: 12 | L16: 1.1 | M16: =K16*1.2 -> 14.4 | N16: 1.1 | O16: =M16*1.2 -> 17.28 | P16: 1.1 | Q16: =O16*1.2 -> 20.736 | R16: 1.1 | S16: =Q16*1.2 -> 24.8832 | T16: 1.1 | U16: =S16*1.2 -> 29.85984 | V16: 1.1 | W16: =U16*1.2 -> 35.831808 | X16: 1.1 | Y16: =W16*1.2 -> 42.99817 | Z16: 1.1 | AB16: 12 | AC16: 1 | AD16: =INT($E$4*(K16/$I$4)) -> 3460 | AE16: =AE15+L$5*(L16-1) -> 21 | AF16: =INT($E$4*(M16/$I$4)) -> 4152 | AG16: =AG15+N$5*(N16-1) -> 23.1 | AH16: =INT($E$4*(O16/$I$4)) -> 4983 | AI16: =AI15+P$5*(P16-1) -> 50.4 | AJ16: =INT($E$4*(Q16/$I$4)) -> 5979 | AK16: =AK15+R$5*(R16-1) -> 54.6 | AL16: =INT($E$4*(S16/$I$4)) -> 7175 | AM16: =AM15+T$5*(T16-1) -> 58.8 | AN16: =INT($E$4*(U16/$I$4)) -> 8611 | AO16: =AO15+V$5*(V16-1) -> 63 | AP16: =INT($E$4*(W16/$I$4)) -> 10333 | AQ16: =AQ15+X$5*(X16-1) -> 100.8 | AR16: =INT($E$4*(Y16/$I$4)) -> 12399 | AS16: =AS15+Z$5*(Z16-1) -> 142.8
A17: 8 | B17: =Z3 -> 1.7 | I17: =AD16+AF16+AH16+AJ16+AL16+AN16+AP16+AR16+I16 -> 371074 | J17: =AB17 -> 13 | K17: 13 | L17: 1.1 | M17: =K17*1.2 -> 15.6 | N17: 1.1 | O17: =M17*1.2 -> 18.72 | P17: 1.1 | Q17: =O17*1.2 -> 22.464 | R17: 1.1 | S17: =Q17*1.2 -> 26.9568 | T17: 1.1 | U17: =S17*1.2 -> 32.34816 | V17: 1.1 | W17: =U17*1.2 -> 38.817792 | X17: 1.1 | Y17: =W17*1.2 -> 46.58135 | Z17: 1.1 | AB17: 13 | AC17: 1 | AD17: =INT($E$4*(K17/$I$4)) -> 3748 | AE17: =AE16+L$5*(L17-1) -> 22 | AF17: =INT($E$4*(M17/$I$4)) -> 4498 | AG17: =AG16+N$5*(N17-1) -> 24.2 | AH17: =INT($E$4*(O17/$I$4)) -> 5398 | AI17: =AI16+P$5*(P17-1) -> 52.8 | AJ17: =INT($E$4*(Q17/$I$4)) -> 6478 | AK17: =AK16+R$5*(R17-1) -> 57.2 | AL17: =INT($E$4*(S17/$I$4)) -> 7773 | AM17: =AM16+T$5*(T17-1) -> 61.6 | AN17: =INT($E$4*(U17/$I$4)) -> 9328 | AO17: =AO16+V$5*(V17-1) -> 66 | AP17: =INT($E$4*(W17/$I$4)) -> 11194 | AQ17: =AQ16+X$5*(X17-1) -> 105.6 | AR17: =INT($E$4*(Y17/$I$4)) -> 13433 | AS17: =AS16+Z$5*(Z17-1) -> 149.6
I18: =AD17+AF17+AH17+AJ17+AL17+AN17+AP17+AR17+I17 -> 432924 | J18: =AB18 -> 14 | K18: 14 | L18: 1.1 | M18: =K18*1.2 -> 16.8 | N18: 1.1 | O18: =M18*1.2 -> 20.16 | P18: 1.1 | Q18: =O18*1.2 -> 24.192 | R18: 1.1 | S18: =Q18*1.2 -> 29.0304 | T18: 1.1 | U18: =S18*1.2 -> 34.83648 | V18: 1.1 | W18: =U18*1.2 -> 41.803776 | X18: 1.1 | Y18: =W18*1.2 -> 50.164531 | Z18: 1.1 | AB18: 14 | AC18: 1 | AD18: =INT($E$4*(K18/$I$4)) -> 4037 | AE18: =AE17+L$5*(L18-1) -> 23 | AF18: =INT($E$4*(M18/$I$4)) -> 4844 | AG18: =AG17+N$5*(N18-1) -> 25.3 | AH18: =INT($E$4*(O18/$I$4)) -> 5813 | AI18: =AI17+P$5*(P18-1) -> 55.2 | AJ18: =INT($E$4*(Q18/$I$4)) -> 6976 | AK18: =AK17+R$5*(R18-1) -> 59.8 | AL18: =INT($E$4*(S18/$I$4)) -> 8371 | AM18: =AM17+T$5*(T18-1) -> 64.4 | AN18: =INT($E$4*(U18/$I$4)) -> 10046 | AO18: =AO17+V$5*(V18-1) -> 69 | AP18: =INT($E$4*(W18/$I$4)) -> 12055 | AQ18: =AQ17+X$5*(X18-1) -> 110.4 | AR18: =INT($E$4*(Y18/$I$4)) -> 14466 | AS18: =AS17+Z$5*(Z18-1) -> 156.4
I19: =AD18+AF18+AH18+AJ18+AL18+AN18+AP18+AR18+I18 -> 499532 | J19: =AB19 -> 15 | K19: 15 | L19: 1.1 | M19: =K19*1.2 -> 18 | N19: 1.1 | O19: =M19*1.2 -> 21.6 | P19: 1.1 | Q19: =O19*1.2 -> 25.92 | R19: 1.1 | S19: =Q19*1.2 -> 31.104 | T19: 1.1 | U19: =S19*1.2 -> 37.3248 | V19: 1.1 | W19: =U19*1.2 -> 44.78976 | X19: 1.1 | Y19: =W19*1.2 -> 53.747712 | Z19: 1.1 | AB19: 15 | AC19: 1 | AD19: =INT($E$4*(K19/$I$4)) -> 4325 | AE19: =AE18+L$5*(L19-1) -> 24 | AF19: =INT($E$4*(M19/$I$4)) -> 5190 | AG19: =AG18+N$5*(N19-1) -> 26.4 | AH19: =INT($E$4*(O19/$I$4)) -> 6229 | AI19: =AI18+P$5*(P19-1) -> 57.6 | AJ19: =INT($E$4*(Q19/$I$4)) -> 7474 | AK19: =AK18+R$5*(R19-1) -> 62.4 | AL19: =INT($E$4*(S19/$I$4)) -> 8969 | AM19: =AM18+T$5*(T19-1) -> 67.2 | AN19: =INT($E$4*(U19/$I$4)) -> 10763 | AO19: =AO18+V$5*(V19-1) -> 72 | AP19: =INT($E$4*(W19/$I$4)) -> 12916 | AQ19: =AQ18+X$5*(X19-1) -> 115.2 | AR19: =INT($E$4*(Y19/$I$4)) -> 15499 | AS19: =AS18+Z$5*(Z19-1) -> 163.2
I20: =AD19+AF19+AH19+AJ19+AL19+AN19+AP19+AR19+I19 -> 570897 | J20: =AB20 -> 16 | K20: 16 | L20: 1.1 | M20: =K20*1.2 -> 19.2 | N20: 1.1 | O20: =M20*1.2 -> 23.04 | P20: 1.1 | Q20: =O20*1.2 -> 27.648 | R20: 1.1 | S20: =Q20*1.2 -> 33.1776 | T20: 1.1 | U20: =S20*1.2 -> 39.81312 | V20: 1.1 | W20: =U20*1.2 -> 47.775744 | X20: 1.1 | Y20: =W20*1.2 -> 57.330893 | Z20: 1.1 | AB20: 16 | AC20: 1 | AD20: =INT($E$4*(K20/$I$4)) -> 4614 | AE20: =AE19+L$5*(L20-1) -> 25 | AF20: =INT($E$4*(M20/$I$4)) -> 5536 | AG20: =AG19+N$5*(N20-1) -> 27.5 | AH20: =INT($E$4*(O20/$I$4)) -> 6644 | AI20: =AI19+P$5*(P20-1) -> 60 | AJ20: =INT($E$4*(Q20/$I$4)) -> 7973 | AK20: =AK19+R$5*(R20-1) -> 65 | AL20: =INT($E$4*(S20/$I$4)) -> 9567 | AM20: =AM19+T$5*(T20-1) -> 70 | AN20: =INT($E$4*(U20/$I$4)) -> 11481 | AO20: =AO19+V$5*(V20-1) -> 75 | AP20: =INT($E$4*(W20/$I$4)) -> 13777 | AQ20: =AQ19+X$5*(X20-1) -> 120 | AR20: =INT($E$4*(Y20/$I$4)) -> 16533 | AS20: =AS19+Z$5*(Z20-1) -> 170
I21: =AD20+AF20+AH20+AJ20+AL20+AN20+AP20+AR20+I20 -> 647022 | J21: =AB21 -> 17 | K21: 17 | L21: 1.1 | M21: =K21*1.2 -> 20.4 | N21: 1.1 | O21: =M21*1.2 -> 24.48 | P21: 1.1 | Q21: =O21*1.2 -> 29.376 | R21: 1.1 | S21: =Q21*1.2 -> 35.2512 | T21: 1.1 | U21: =S21*1.2 -> 42.30144 | V21: 1.1 | W21: =U21*1.2 -> 50.761728 | X21: 1.1 | Y21: =W21*1.2 -> 60.914074 | Z21: 1.1 | AB21: 17 | AC21: 1 | AD21: =INT($E$4*(K21/$I$4)) -> 4902 | AE21: =AE20+L$5*(L21-1) -> 26 | AF21: =INT($E$4*(M21/$I$4)) -> 5883 | AG21: =AG20+N$5*(N21-1) -> 28.6 | AH21: =INT($E$4*(O21/$I$4)) -> 7059 | AI21: =AI20+P$5*(P21-1) -> 62.4 | AJ21: =INT($E$4*(Q21/$I$4)) -> 8471 | AK21: =AK20+R$5*(R21-1) -> 67.6 | AL21: =INT($E$4*(S21/$I$4)) -> 10165 | AM21: =AM20+T$5*(T21-1) -> 72.8 | AN21: =INT($E$4*(U21/$I$4)) -> 12199 | AO21: =AO20+V$5*(V21-1) -> 78 | AP21: =INT($E$4*(W21/$I$4)) -> 14638 | AQ21: =AQ20+X$5*(X21-1) -> 124.8 | AR21: =INT($E$4*(Y21/$I$4)) -> 17566 | AS21: =AS20+Z$5*(Z21-1) -> 176.8
I22: =AD21+AF21+AH21+AJ21+AL21+AN21+AP21+AR21+I21 -> 727905 | J22: =AB22 -> 18 | K22: 18 | L22: 1.1 | M22: =K22*1.2 -> 21.6 | N22: 1.1 | O22: =M22*1.2 -> 25.92 | P22: 1.1 | Q22: =O22*1.2 -> 31.104 | R22: 1.1 | S22: =Q22*1.2 -> 37.3248 | T22: 1.1 | U22: =S22*1.2 -> 44.78976 | V22: 1.1 | W22: =U22*1.2 -> 53.747712 | X22: 1.1 | Y22: =W22*1.2 -> 64.497254 | Z22: 1.1 | AB22: 18 | AC22: 1 | AD22: =INT($E$4*(K22/$I$4)) -> 5190 | AE22: =AE21+L$5*(L22-1) -> 27 | AF22: =INT($E$4*(M22/$I$4)) -> 6229 | AG22: =AG21+N$5*(N22-1) -> 29.7 | AH22: =INT($E$4*(O22/$I$4)) -> 7474 | AI22: =AI21+P$5*(P22-1) -> 64.8 | AJ22: =INT($E$4*(Q22/$I$4)) -> 8969 | AK22: =AK21+R$5*(R22-1) -> 70.2 | AL22: =INT($E$4*(S22/$I$4)) -> 10763 | AM22: =AM21+T$5*(T22-1) -> 75.6 | AN22: =INT($E$4*(U22/$I$4)) -> 12916 | AO22: =AO21+V$5*(V22-1) -> 81 | AP22: =INT($E$4*(W22/$I$4)) -> 15499 | AQ22: =AQ21+X$5*(X22-1) -> 129.6 | AR22: =INT($E$4*(Y22/$I$4)) -> 18599 | AS22: =AS21+Z$5*(Z22-1) -> 183.6
I23: =AD22+AF22+AH22+AJ22+AL22+AN22+AP22+AR22+I22 -> 813544 | J23: =AB23 -> 19 | K23: 19 | L23: 1.1 | M23: =K23*1.2 -> 22.8 | N23: 1.1 | O23: =M23*1.2 -> 27.36 | P23: 1.1 | Q23: =O23*1.2 -> 32.832 | R23: 1.1 | S23: =Q23*1.2 -> 39.3984 | T23: 1.1 | U23: =S23*1.2 -> 47.27808 | V23: 1.1 | W23: =U23*1.2 -> 56.733696 | X23: 1.1 | Y23: =W23*1.2 -> 68.080435 | Z23: 1.1 | AB23: 19 | AC23: 1 | AD23: =INT($E$4*(K23/$I$4)) -> 5479 | AE23: =AE22+L$5*(L23-1) -> 28 | AF23: =INT($E$4*(M23/$I$4)) -> 6575 | AG23: =AG22+N$5*(N23-1) -> 30.8 | AH23: =INT($E$4*(O23/$I$4)) -> 7890 | AI23: =AI22+P$5*(P23-1) -> 67.2 | AJ23: =INT($E$4*(Q23/$I$4)) -> 9468 | AK23: =AK22+R$5*(R23-1) -> 72.8 | AL23: =INT($E$4*(S23/$I$4)) -> 11361 | AM23: =AM22+T$5*(T23-1) -> 78.4 | AN23: =INT($E$4*(U23/$I$4)) -> 13634 | AO23: =AO22+V$5*(V23-1) -> 84 | AP23: =INT($E$4*(W23/$I$4)) -> 16361 | AQ23: =AQ22+X$5*(X23-1) -> 134.4 | AR23: =INT($E$4*(Y23/$I$4)) -> 19633 | AS23: =AS22+Z$5*(Z23-1) -> 190.4
I24: =AD23+AF23+AH23+AJ23+AL23+AN23+AP23+AR23+I23 -> 903945 | J24: =AB24 -> 20 | K24: 20 | L24: 1.1 | M24: =K24*1.2 -> 24 | N24: 1.1 | O24: =M24*1.2 -> 28.8 | P24: 1.1 | Q24: =O24*1.2 -> 34.56 | R24: 1.1 | S24: =Q24*1.2 -> 41.472 | T24: 1.1 | U24: =S24*1.2 -> 49.7664 | V24: 1.1 | W24: =U24*1.2 -> 59.71968 | X24: 1.1 | Y24: =W24*1.2 -> 71.663616 | Z24: 1.1 | AB24: 20 | AC24: 1 | AD24: =INT($E$4*(K24/$I$4)) -> 5767 | AE24: =AE23+L$5*(L24-1) -> 29 | AF24: =INT($E$4*(M24/$I$4)) -> 6921 | AG24: =AG23+N$5*(N24-1) -> 31.9 | AH24: =INT($E$4*(O24/$I$4)) -> 8305 | AI24: =AI23+P$5*(P24-1) -> 69.6 | AJ24: =INT($E$4*(Q24/$I$4)) -> 9966 | AK24: =AK23+R$5*(R24-1) -> 75.4 | AL24: =INT($E$4*(S24/$I$4)) -> 11959 | AM24: =AM23+T$5*(T24-1) -> 81.2 | AN24: =INT($E$4*(U24/$I$4)) -> 14351 | AO24: =AO23+V$5*(V24-1) -> 87 | AP24: =INT($E$4*(W24/$I$4)) -> 17222 | AQ24: =AQ23+X$5*(X24-1) -> 139.2 | AR24: =INT($E$4*(Y24/$I$4)) -> 20666 | AS24: =AS23+Z$5*(Z24-1) -> 197.2
I25: =AD24+AF24+AH24+AJ24+AL24+AN24+AP24+AR24+I24 -> 999102 | J25: =AB25 -> 21 | K25: 21 | L25: 1.1 | M25: =K25*1.2 -> 25.2 | N25: 1.1 | O25: =M25*1.2 -> 30.24 | P25: 1.1 | Q25: =O25*1.2 -> 36.288 | R25: 1.1 | S25: =Q25*1.2 -> 43.5456 | T25: 1.1 | U25: =S25*1.2 -> 52.25472 | V25: 1.1 | W25: =U25*1.2 -> 62.705664 | X25: 1.1 | Y25: =W25*1.2 -> 75.246797 | Z25: 1.1 | AB25: 21 | AC25: 1 | AD25: =INT($E$4*(K25/$I$4)) -> 6056 | AE25: =AE24+L$5*(L25-1) -> 30 | AF25: =INT($E$4*(M25/$I$4)) -> 7267 | AG25: =AG24+N$5*(N25-1) -> 33 | AH25: =INT($E$4*(O25/$I$4)) -> 8720 | AI25: =AI24+P$5*(P25-1) -> 72 | AJ25: =INT($E$4*(Q25/$I$4)) -> 10464 | AK25: =AK24+R$5*(R25-1) -> 78 | AL25: =INT($E$4*(S25/$I$4)) -> 12557 | AM25: =AM24+T$5*(T25-1) -> 84 | AN25: =INT($E$4*(U25/$I$4)) -> 15069 | AO25: =AO24+V$5*(V25-1) -> 90 | AP25: =INT($E$4*(W25/$I$4)) -> 18083 | AQ25: =AQ24+X$5*(X25-1) -> 144 | AR25: =INT($E$4*(Y25/$I$4)) -> 21699 | AS25: =AS24+Z$5*(Z25-1) -> 204
I26: =AD25+AF25+AH25+AJ25+AL25+AN25+AP25+AR25+I25 -> 1099017 | J26: =AB26 -> 22 | K26: 22 | L26: 1.1 | M26: =K26*1.2 -> 26.4 | N26: 1.1 | O26: =M26*1.2 -> 31.68 | P26: 1.1 | Q26: =O26*1.2 -> 38.016 | R26: 1.1 | S26: =Q26*1.2 -> 45.6192 | T26: 1.1 | U26: =S26*1.2 -> 54.74304 | V26: 1.1 | W26: =U26*1.2 -> 65.691648 | X26: 1.1 | Y26: =W26*1.2 -> 78.829978 | Z26: 1.1 | AB26: 22 | AC26: 1 | AD26: =INT($E$4*(K26/$I$4)) -> 6344 | AE26: =AE25+L$5*(L26-1) -> 31 | AF26: =INT($E$4*(M26/$I$4)) -> 7613 | AG26: =AG25+N$5*(N26-1) -> 34.1 | AH26: =INT($E$4*(O26/$I$4)) -> 9135 | AI26: =AI25+P$5*(P26-1) -> 74.4 | AJ26: =INT($E$4*(Q26/$I$4)) -> 10963 | AK26: =AK25+R$5*(R26-1) -> 80.6 | AL26: =INT($E$4*(S26/$I$4)) -> 13155 | AM26: =AM25+T$5*(T26-1) -> 86.8 | AN26: =INT($E$4*(U26/$I$4)) -> 15786 | AO26: =AO25+V$5*(V26-1) -> 93 | AP26: =INT($E$4*(W26/$I$4)) -> 18944 | AQ26: =AQ25+X$5*(X26-1) -> 148.8 | AR26: =INT($E$4*(Y26/$I$4)) -> 22733 | AS26: =AS25+Z$5*(Z26-1) -> 210.8
I27: =AD26+AF26+AH26+AJ26+AL26+AN26+AP26+AR26+I26 -> 1203690 | J27: =AB27 -> 23 | K27: 23 | L27: 1.1 | M27: =K27*1.2 -> 27.6 | N27: 1.1 | O27: =M27*1.2 -> 33.12 | P27: 1.1 | Q27: =O27*1.2 -> 39.744 | R27: 1.1 | S27: =Q27*1.2 -> 47.6928 | T27: 1.1 | U27: =S27*1.2 -> 57.23136 | V27: 1.1 | W27: =U27*1.2 -> 68.677632 | X27: 1.1 | Y27: =W27*1.2 -> 82.413158 | Z27: 1.1 | AB27: 23 | AC27: 1 | AD27: =INT($E$4*(K27/$I$4)) -> 6632 | AE27: =AE26+L$5*(L27-1) -> 32 | AF27: =INT($E$4*(M27/$I$4)) -> 7959 | AG27: =AG26+N$5*(N27-1) -> 35.2 | AH27: =INT($E$4*(O27/$I$4)) -> 9551 | AI27: =AI26+P$5*(P27-1) -> 76.8 | AJ27: =INT($E$4*(Q27/$I$4)) -> 11461 | AK27: =AK26+R$5*(R27-1) -> 83.2 | AL27: =INT($E$4*(S27/$I$4)) -> 13753 | AM27: =AM26+T$5*(T27-1) -> 89.6 | AN27: =INT($E$4*(U27/$I$4)) -> 16504 | AO27: =AO26+V$5*(V27-1) -> 96 | AP27: =INT($E$4*(W27/$I$4)) -> 19805 | AQ27: =AQ26+X$5*(X27-1) -> 153.6 | AR27: =INT($E$4*(Y27/$I$4)) -> 23766 | AS27: =AS26+Z$5*(Z27-1) -> 217.6
I28: =AD27+AF27+AH27+AJ27+AL27+AN27+AP27+AR27+I27 -> 1313121 | J28: =AB28 -> 24 | K28: 24 | L28: 1.1 | M28: =K28*1.2 -> 28.8 | N28: 1.1 | O28: =M28*1.2 -> 34.56 | P28: 1.1 | Q28: =O28*1.2 -> 41.472 | R28: 1.1 | S28: =Q28*1.2 -> 49.7664 | T28: 1.1 | U28: =S28*1.2 -> 59.71968 | V28: 1.1 | W28: =U28*1.2 -> 71.663616 | X28: 1.1 | Y28: =W28*1.2 -> 85.996339 | Z28: 1.1 | AB28: 24 | AC28: 1 | AD28: =INT($E$4*(K28/$I$4)) -> 6921 | AE28: =AE27+L$5*(L28-1) -> 33 | AF28: =INT($E$4*(M28/$I$4)) -> 8305 | AG28: =AG27+N$5*(N28-1) -> 36.3 | AH28: =INT($E$4*(O28/$I$4)) -> 9966 | AI28: =AI27+P$5*(P28-1) -> 79.2 | AJ28: =INT($E$4*(Q28/$I$4)) -> 11959 | AK28: =AK27+R$5*(R28-1) -> 85.8 | AL28: =INT($E$4*(S28/$I$4)) -> 14351 | AM28: =AM27+T$5*(T28-1) -> 92.4 | AN28: =INT($E$4*(U28/$I$4)) -> 17222 | AO28: =AO27+V$5*(V28-1) -> 99 | AP28: =INT($E$4*(W28/$I$4)) -> 20666 | AQ28: =AQ27+X$5*(X28-1) -> 158.4 | AR28: =INT($E$4*(Y28/$I$4)) -> 24799 | AS28: =AS27+Z$5*(Z28-1) -> 224.4
I29: =AD28+AF28+AH28+AJ28+AL28+AN28+AP28+AR28+I28 -> 1427310 | J29: =AB29 -> 25 | K29: 25 | L29: 1.1 | M29: =K29*1.2 -> 30 | N29: 1.1 | O29: =M29*1.2 -> 36 | P29: 1.1 | Q29: =O29*1.2 -> 43.2 | R29: 1.1 | S29: =Q29*1.2 -> 51.84 | T29: 1.1 | U29: =S29*1.2 -> 62.208 | V29: 1.1 | W29: =U29*1.2 -> 74.6496 | X29: 1.1 | Y29: =W29*1.2 -> 89.57952 | Z29: 1.1 | AB29: 25 | AC29: 1 | AD29: =INT($E$4*(K29/$I$4)) -> 7209 | AE29: =AE28+L$5*(L29-1) -> 34 | AF29: =INT($E$4*(M29/$I$4)) -> 8651 | AG29: =AG28+N$5*(N29-1) -> 37.4 | AH29: =INT($E$4*(O29/$I$4)) -> 10381 | AI29: =AI28+P$5*(P29-1) -> 81.6 | AJ29: =INT($E$4*(Q29/$I$4)) -> 12458 | AK29: =AK28+R$5*(R29-1) -> 88.4 | AL29: =INT($E$4*(S29/$I$4)) -> 14949 | AM29: =AM28+T$5*(T29-1) -> 95.2 | AN29: =INT($E$4*(U29/$I$4)) -> 17939 | AO29: =AO28+V$5*(V29-1) -> 102 | AP29: =INT($E$4*(W29/$I$4)) -> 21527 | AQ29: =AQ28+X$5*(X29-1) -> 163.2 | AR29: =INT($E$4*(Y29/$I$4)) -> 25833 | AS29: =AS28+Z$5*(Z29-1) -> 231.2
... I34: =AD33+AF33+AH33+AJ33+AL33+AN33+AP33+AR33+I33 -> 2069626 | J34: =AB34 -> 30 | K34: 30 | L34: 1.1 | M34: =K34*1.2 -> 36 | N34: 1.1 | O34: =M34*1.2 -> 43.2 | P34: 1.1 | Q34: =O34*1.2 -> 51.84 | R34: 1.1 | S34: =Q34*1.2 -> 62.208 | T34: 1.1 | U34: =S34*1.2 -> 74.6496 | V34: 1.1 | W34: =U34*1.2 -> 89.57952 | X34: 1.1 | Y34: =W34*1.2 -> 107.49542 | Z34: 1.1 | AB34: 30 | AC34: 1 | AD34: =INT($E$4*(K34/$I$4)) -> 8651 | AE34: =AE33+L$5*(L34-1) -> 39 | AF34: =INT($E$4*(M34/$I$4)) -> 10381 | AG34: =AG33+N$5*(N34-1) -> 42.9 | AH34: =INT($E$4*(O34/$I$4)) -> 12458 | AI34: =AI33+P$5*(P34-1) -> 93.6 | AJ34: =INT($E$4*(Q34/$I$4)) -> 14949 | AK34: =AK33+R$5*(R34-1) -> 101.4 | AL34: =INT($E$4*(S34/$I$4)) -> 17939 | AM34: =AM33+T$5*(T34-1) -> 109.2 | AN34: =INT($E$4*(U34/$I$4)) -> 21527 | AO34: =AO33+V$5*(V34-1) -> 117 | AP34: =INT($E$4*(W34/$I$4)) -> 25833 | AQ34: =AQ33+X$5*(X34-1) -> 187.2 | AR34: =INT($E$4*(Y34/$I$4)) -> 30999 | AS34: =AS33+Z$5*(Z34-1) -> 265.2

Sheet 装备消耗|wapenCost
A1: ='M1'!A7 -> 等级 | B1: ='M1'!B7 -> 期望DPS | D1: 升级元宝总消耗 | I1: 装备总数 | AA1: 序号 | AB1: 装备消耗ID | AC1: 等级 | AD1: 碎片需求 | AE1: 元宝需求
A2: ='M1'!A8 -> 1 | B2: ='M1'!B8 -> 10 | D2: ='M1'!S14 -> 1382500 | I2: 17 | AA2: int | AB2: int | AC2: int | AD2: int | AE2: int
A3: ='M1'!A9 -> 2 | B3: ='M1'!B9 -> 20 | D3: 手动输入平均元宝总消耗 | I3: 平均元宝总消耗 | AA3: id | AB3: wapenCostId | AC3: lv | AD3: cost1 | AE3: cost2
A4: ='M1'!A10 -> 3 | B4: ='M1'!B10 -> 30 | D4: 50000 | I4: =D2/I2 -> 81323.529 | Y4: 元宝需求 | AA4: server/client | AB4: server/client | AC4: server/client | AD4: server/client | AE4: server/client
A5: ='M1'!A11 -> 4 | B5: ='M1'!B11 -> 40 | Y5: =INT(VLOOKUP(AC5,$H$10:$J$39,2,FALSE)/$I$8*VLOOKUP(AB5,$A$10:$C$39,3,FALSE)) -> 67 | AA5: 1 | AB5: 1 | AC5: 1 | AD5: =ROUNDUP(VLOOKUP(AC5,$H$10:$J$39,3,FALSE)/$J$8*VLOOKUP(AB5,$A$10:$D$39,4,FALSE),0) -> 1 | AE5: =10^(LEN(Y5)-1)*INT(Y5/(10^(LEN(Y5)-1))) -> 60
Y6: =INT(VLOOKUP(AC6,$H$10:$J$39,2,FALSE)/$I$8*VLOOKUP(AB6,$A$10:$C$39,3,FALSE)) -> 134 | AA6: =AA5+1 -> 2 | AB6: 1 | AC6: 2 | AD6: =ROUNDUP(VLOOKUP(AC6,$H$10:$J$39,3,FALSE)/$J$8*VLOOKUP(AB6,$A$10:$D$39,4,FALSE),0) -> 3 | AE6: =10^(LEN(Y6)-1)*INT(Y6/(10^(LEN(Y6)-1))) -> 100
Y7: =INT(VLOOKUP(AC7,$H$10:$J$39,2,FALSE)/$I$8*VLOOKUP(AB7,$A$10:$C$39,3,FALSE)) -> 201 | AA7: =AA6+1 -> 3 | AB7: 1 | AC7: 3 | AD7: =ROUNDUP(VLOOKUP(AC7,$H$10:$J$39,3,FALSE)/$J$8*VLOOKUP(AB7,$A$10:$D$39,4,FALSE),0) -> 4 | AE7: =10^(LEN(Y7)-1)*INT(Y7/(10^(LEN(Y7)-1))) -> 200
A8: 总权重 | H8: 总权重 | I8: =SUM(I10:I39) -> 670 | J8: =SUM(J10:J39) -> 488 | Y8: =INT(VLOOKUP(AC8,$H$10:$J$39,2,FALSE)/$I$8*VLOOKUP(AB8,$A$10:$C$39,3,FALSE)) -> 269 | AA8: =AA7+1 -> 4 | AB8: 1 | AC8: 4 | AD8: =ROUNDUP(VLOOKUP(AC8,$H$10:$J$39,3,FALSE)/$J$8*VLOOKUP(AB8,$A$10:$D$39,4,FALSE),0) -> 5 | AE8: =10^(LEN(Y8)-1)*INT(Y8/(10^(LEN(Y8)-1))) -> 200
A9: 装备消耗ID | C9: 元宝消耗 | D9: 碎片总消耗 | E9: 消耗系数 | F9: 升20元宝 | G9: 升20碎片 | H9: 等级 | I9: 等级间元宝权重 | J9: 等级间碎片权重 | Y9: =INT(VLOOKUP(AC9,$H$10:$J$39,2,FALSE)/$I$8*VLOOKUP(AB9,$A$10:$C$39,3,FALSE)) -> 336 | AA9: =AA8+1 -> 5 | AB9: 1 | AC9: 5 | AD9: =ROUNDUP(VLOOKUP(AC9,$H$10:$J$39,3,FALSE)/$J$8*VLOOKUP(AB9,$A$10:$D$39,4,FALSE),0) -> 6 | AE9: =10^(LEN(Y9)-1)*INT(Y9/(10^(LEN(Y9)-1))) -> 300
A10: 1 | C10: =VLOOKUP(A10,'M1'!$A$38:$H$54,8,FALSE) -> 45073.49 | D10: =VLOOKUP(A10,'M1'!$A$38:$G$54,5,FALSE)*E10 -> 700 | E10: 0.7 | F10: =SUM($I$10:$I$28)/$I$8*C10 -> 15809.358 | G10: =SUM($J$10:$J$28)/$J$8*D10 -> 162.09016 | H10: 1 | I10: 1 | J10: 0.5 | Y10: =INT(VLOOKUP(AC10,$H$10:$J$39,2,FALSE)/$I$8*VLOOKUP(AB10,$A$10:$C$39,3,FALSE)) -> 403 | AA10: =AA9+1 -> 6 | AB10: 1 | AC10: 6 | AD10: =ROUNDUP(VLOOKUP(AC10,$H$10:$J$39,3,FALSE)/$J$8*VLOOKUP(AB10,$A$10:$D$39,4,FALSE),0) -> 6 | AE10: =10^(LEN(Y10)-1)*INT(Y10/(10^(LEN(Y10)-1))) -> 400
A11: 2 | C11: =VLOOKUP(A11,'M1'!$A$38:$H$54,8,FALSE) -> 45812.4 | D11: =VLOOKUP(A11,'M1'!$A$38:$G$54,5,FALSE)*E11 -> 700 | E11: 0.7 | F11: =SUM($I$10:$I$28)/$I$8*C11 -> 16068.528 | G11: =SUM($J$10:$J$28)/$J$8*D11 -> 162.09016 | H11: 2 | I11: 2 | J11: 2 | Y11: =INT(VLOOKUP(AC11,$H$10:$J$39,2,FALSE)/$I$8*VLOOKUP(AB11,$A$10:$C$39,3,FALSE)) -> 470 | AA11: =AA10+1 -> 7 | AB11: 1 | AC11: 7 | AD11: =ROUNDUP(VLOOKUP(AC11,$H$10:$J$39,3,FALSE)/$J$8*VLOOKUP(AB11,$A$10:$D$39,4,FALSE),0) -> 7 | AE11: =10^(LEN(Y11)-1)*INT(Y11/(10^(LEN(Y11)-1))) -> 400
A12: 3 | C12: =VLOOKUP(A12,'M1'!$A$38:$H$54,8,FALSE) -> 46551.309 | D12: =VLOOKUP(A12,'M1'!$A$38:$G$54,5,FALSE)*E12 -> 700 | E12: 0.7 | F12: =SUM($I$10:$I$28)/$I$8*C12 -> 16327.698 | G12: =SUM($J$10:$J$28)/$J$8*D12 -> 162.09016 | H12: 3 | I12: 3 | J12: 2.5 | Y12: =INT(VLOOKUP(AC12,$H$10:$J$39,2,FALSE)/$I$8*VLOOKUP(AB12,$A$10:$C$39,3,FALSE)) -> 538 | AA12: =AA11+1 -> 8 | AB12: 1 | AC12: 8 | AD12: =ROUNDUP(VLOOKUP(AC12,$H$10:$J$39,3,FALSE)/$J$8*VLOOKUP(AB12,$A$10:$D$39,4,FALSE),0) -> 8 | AE12: =10^(LEN(Y12)-1)*INT(Y12/(10^(LEN(Y12)-1))) -> 500
A13: 4 | C13: =VLOOKUP(A13,'M1'!$A$38:$H$54,8,FALSE) -> 47290.219 | D13: =VLOOKUP(A13,'M1'!$A$38:$G$54,5,FALSE)*E13 -> 700 | E13: 0.7 | F13: =SUM($I$10:$I$28)/$I$8*C13 -> 16586.868 | G13: =SUM($J$10:$J$28)/$J$8*D13 -> 162.09016 | H13: 4 | I13: 4 | J13: 3 | Y13: =INT(VLOOKUP(AC13,$H$10:$J$39,2,FALSE)/$I$8*VLOOKUP(AB13,$A$10:$C$39,3,FALSE)) -> 605 | AA13: =AA12+1 -> 9 | AB13: 1 | AC13: 9 | AD13: =ROUNDUP(VLOOKUP(AC13,$H$10:$J$39,3,FALSE)/$J$8*VLOOKUP(AB13,$A$10:$D$39,4,FALSE),0) -> 8 | AE13: =10^(LEN(Y13)-1)*INT(Y13/(10^(LEN(Y13)-1))) -> 600
A14: 5 | C14: =VLOOKUP(A14,'M1'!$A$38:$H$54,8,FALSE) -> 66501.871 | D14: =VLOOKUP(A14,'M1'!$A$38:$G$54,5,FALSE)*E14 -> 560 | E14: 0.7 | F14: =SUM($I$10:$I$28)/$I$8*C14 -> 23325.283 | G14: =SUM($J$10:$J$28)/$J$8*D14 -> 129.67213 | H14: 5 | I14: 5 | J14: 3.5 | Y14: =INT(VLOOKUP(AC14,$H$10:$J$39,2,FALSE)/$I$8*VLOOKUP(AB14,$A$10:$C$39,3,FALSE)) -> 672 | AA14: =AA13+1 -> 10 | AB14: 1 | AC14: 10 | AD14: =ROUNDUP(VLOOKUP(AC14,$H$10:$J$39,3,FALSE)/$J$8*VLOOKUP(AB14,$A$10:$D$39,4,FALSE),0) -> 9 | AE14: =10^(LEN(Y14)-1)*INT(Y14/(10^(LEN(Y14)-1))) -> 600
A15: 6 | C15: =VLOOKUP(A15,'M1'!$A$38:$H$54,8,FALSE) -> 85713.522 | D15: =VLOOKUP(A15,'M1'!$A$38:$G$54,5,FALSE)*E15 -> 420 | E15: 0.7 | F15: =SUM($I$10:$I$28)/$I$8*C15 -> 30063.698 | G15: =SUM($J$10:$J$28)/$J$8*D15 -> 97.254098 | H15: 6 | I15: 6 | J15: 4 | Y15: =INT(VLOOKUP(AC15,$H$10:$J$39,2,FALSE)/$I$8*VLOOKUP(AB15,$A$10:$C$39,3,FALSE)) -> 807 | AA15: =AA14+1 -> 11 | AB15: 1 | AC15: 11 | AD15: =ROUNDUP(VLOOKUP(AC15,$H$10:$J$39,3,FALSE)/$J$8*VLOOKUP(AB15,$A$10:$D$39,4,FALSE),0) -> 10 | AE15: =10^(LEN(Y15)-1)*INT(Y15/(10^(LEN(Y15)-1))) -> 800
A16: 7 | C16: =VLOOKUP(A16,'M1'!$A$38:$H$54,8,FALSE) -> 86452.432 | D16: =VLOOKUP(A16,'M1'!$A$38:$G$54,5,FALSE)*E16 -> 420 | E16: 0.7 | F16: =SUM($I$10:$I$28)/$I$8*C16 -> 30322.868 | G16: =SUM($J$10:$J$28)/$J$8*D16 -> 97.254098 | H16: 7 | I16: 7 | J16: 4.5 | Y16: =INT(VLOOKUP(AC16,$H$10:$J$39,2,FALSE)/$I$8*VLOOKUP(AB16,$A$10:$C$39,3,FALSE)) -> 941 | AA16: =AA15+1 -> 12 | AB16: 1 | AC16: 12 | AD16: =ROUNDUP(VLOOKUP(AC16,$H$10:$J$39,3,FALSE)/$J$8*VLOOKUP(AB16,$A$10:$D$39,4,FALSE),0) -> 11 | AE16: =10^(LEN(Y16)-1)*INT(Y16/(10^(LEN(Y16)-1))) -> 900
A17: 8 | C17: =VLOOKUP(A17,'M1'!$A$38:$H$54,8,FALSE) -> 105664.08 | D17: =VLOOKUP(A17,'M1'!$A$38:$G$54,5,FALSE)*E17 -> 280 | E17: 0.7 | F17: =SUM($I$10:$I$28)/$I$8*C17 -> 37061.283 | G17: =SUM($J$10:$J$28)/$J$8*D17 -> 64.836066 | H17: 8 | I17: 8 | J17: 5 | Y17: =INT(VLOOKUP(AC17,$H$10:$J$39,2,FALSE)/$I$8*VLOOKUP(AB17,$A$10:$C$39,3,FALSE)) -> 1076 | AA17: =AA16+1 -> 13 | AB17: 1 | AC17: 13 | AD17: =ROUNDUP(VLOOKUP(AC17,$H$10:$J$39,3,FALSE)/$J$8*VLOOKUP(AB17,$A$10:$D$39,4,FALSE),0) -> 11 | AE17: =10^(LEN(Y17)-1)*INT(Y17/(10^(LEN(Y17)-1))) -> 1000
A18: 20 | C18: =VLOOKUP(A18,'M1'!$A$38:$H$54,8,FALSE) -> 69457.509 | D18: =VLOOKUP(A18,'M1'!$A$38:$G$54,5,FALSE)*E18 -> 560 | E18: 0.7 | F18: =SUM($I$10:$I$28)/$I$8*C18 -> 24361.962 | G18: =SUM($J$10:$J$28)/$J$8*D18 -> 129.67213 | H18: 9 | I18: 9 | J18: 5.5 | Y18: =INT(VLOOKUP(AC18,$H$10:$J$39,2,FALSE)/$I$8*VLOOKUP(AB18,$A$10:$C$39,3,FALSE)) -> 1210 | AA18: =AA17+1 -> 14 | AB18: 1 | AC18: 14 | AD18: =ROUNDUP(VLOOKUP(AC18,$H$10:$J$39,3,FALSE)/$J$8*VLOOKUP(AB18,$A$10:$D$39,4,FALSE),0) -> 12 | AE18: =10^(LEN(Y18)-1)*INT(Y18/(10^(LEN(Y18)-1))) -> 1000
A19: 21 | C19: =VLOOKUP(A19,'M1'!$A$38:$H$54,8,FALSE) -> 70196.419 | D19: =VLOOKUP(A19,'M1'!$A$38:$G$54,5,FALSE)*E19 -> 560 | E19: 0.7 | F19: =SUM($I$10:$I$28)/$I$8*C19 -> 24621.132 | G19: =SUM($J$10:$J$28)/$J$8*D19 -> 129.67213 | H19: 10 | I19: 10 | J19: 6 | Y19: =INT(VLOOKUP(AC19,$H$10:$J$39,2,FALSE)/$I$8*VLOOKUP(AB19,$A$10:$C$39,3,FALSE)) -> 1345 | AA19: =AA18+1 -> 15 | AB19: 1 | AC19: 15 | AD19: =ROUNDUP(VLOOKUP(AC19,$H$10:$J$39,3,FALSE)/$J$8*VLOOKUP(AB19,$A$10:$D$39,4,FALSE),0) -> 13 | AE19: =10^(LEN(Y19)-1)*INT(Y19/(10^(LEN(Y19)-1))) -> 1000
A20: 22 | C20: =VLOOKUP(A20,'M1'!$A$38:$H$54,8,FALSE) -> 70935.329 | D20: =VLOOKUP(A20,'M1'!$A$38:$G$54,5,FALSE)*E20 -> 560 | E20: 0.7 | F20: =SUM($I$10:$I$28)/$I$8*C20 -> 24880.302 | G20: =SUM($J$10:$J$28)/$J$8*D20 -> 129.67213 | H20: 11 | I20: 12 | J20: 6.5 | Y20: =INT(VLOOKUP(AC20,$H$10:$J$39,2,FALSE)/$I$8*VLOOKUP(AB20,$A$10:$C$39,3,FALSE)) -> 1480 | AA20: =AA19+1 -> 16 | AB20: 1 | AC20: 16 | AD20: =ROUNDUP(VLOOKUP(AC20,$H$10:$J$39,3,FALSE)/$J$8*VLOOKUP(AB20,$A$10:$D$39,4,FALSE),0) -> 13 | AE20: =10^(LEN(Y20)-1)*INT(Y20/(10^(LEN(Y20)-1))) -> 1000
A21: 23 | C21: =VLOOKUP(A21,'M1'!$A$38:$H$54,8,FALSE) -> 71674.238 | D21: =VLOOKUP(A21,'M1'!$A$38:$G$54,5,FALSE)*E21 -> 280 | E21: 0.7 | F21: =SUM($I$10:$I$28)/$I$8*C21 -> 25139.472 | G21: =SUM($J$10:$J$28)/$J$8*D21 -> 64.836066 | H21: 12 | I21: 14 | J21: 7 | Y21: =INT(VLOOKUP(AC21,$H$10:$J$39,2,FALSE)/$I$8*VLOOKUP(AB21,$A$10:$C$39,3,FALSE)) -> 1614 | AA21: =AA20+1 -> 17 | AB21: 1 | AC21: 17 | AD21: =ROUNDUP(VLOOKUP(AC21,$H$10:$J$39,3,FALSE)/$J$8*VLOOKUP(AB21,$A$10:$D$39,4,FALSE),0) -> 14 | AE21: =10^(LEN(Y21)-1)*INT(Y21/(10^(LEN(Y21)-1))) -> 1000
... A26: 28 | C26: =VLOOKUP(A26,'M1'!$A$38:$H$54,8,FALSE) -> 112314.27 | D26: =VLOOKUP(A26,'M1'!$A$38:$G$54,5,FALSE)*E26 -> 280 | E26: 0.7 | F26: =SUM($I$10:$I$28)/$I$8*C26 -> 39393.811 | G26: =SUM($J$10:$J$28)/$J$8*D26 -> 64.836066 | H26: 17 | I26: 24 | J26: 9.5 | Y26: =INT(VLOOKUP(AC26,$H$10:$J$39,2,FALSE)/$I$8*VLOOKUP(AB26,$A$10:$C$39,3,FALSE)) -> 2421 | AA26: =AA25+1 -> 22 | AB26: 1 | AC26: 22 | AD26: =ROUNDUP(VLOOKUP(AC26,$H$10:$J$39,3,FALSE)/$J$8*VLOOKUP(AB26,$A$10:$D$39,4,FALSE),0) -> 36 | AE26: =10^(LEN(Y26)-1)*INT(Y26/(10^(LEN(Y26)-1))) -> 2000
A27: 29 | C27: =VLOOKUP(A27,'M1'!$A$38:$H$56,8,FALSE) -> 72413.148 | D27: =VLOOKUP(A27,'M1'!$A$38:$G$56,5,FALSE)*E27 -> 700 | E27: 0.7 | F27: =SUM($I$10:$I$28)/$I$8*C27 -> 25398.641 | G27: =SUM($J$10:$J$28)/$J$8*D27 -> 162.09016 | H27: 18 | I27: 26 | J27: 10 | Y27: =INT(VLOOKUP(AC27,$H$10:$J$39,2,FALSE)/$I$8*VLOOKUP(AB27,$A$10:$C$39,3,FALSE)) -> 2623 | AA27: =AA26+1 -> 23 | AB27: 1 | AC27: 23 | AD27: =ROUNDUP(VLOOKUP(AC27,$H$10:$J$39,3,FALSE)/$J$8*VLOOKUP(AB27,$A$10:$D$39,4,FALSE),0) -> 44 | AE27: =10^(LEN(Y27)-1)*INT(Y27/(10^(LEN(Y27)-1))) -> 2000
H28: 19 | I28: 28 | J28: 10.5 | Y28: =INT(VLOOKUP(AC28,$H$10:$J$39,2,FALSE)/$I$8*VLOOKUP(AB28,$A$10:$C$39,3,FALSE)) -> 2825 | AA28: =AA27+1 -> 24 | AB28: 1 | AC28: 24 | AD28: =ROUNDUP(VLOOKUP(AC28,$H$10:$J$39,3,FALSE)/$J$8*VLOOKUP(AB28,$A$10:$D$39,4,FALSE),0) -> 51 | AE28: =10^(LEN(Y28)-1)*INT(Y28/(10^(LEN(Y28)-1))) -> 2000
H29: 20 | I29: 30 | J29: 15 | Y29: =INT(VLOOKUP(AC29,$H$10:$J$39,2,FALSE)/$I$8*VLOOKUP(AB29,$A$10:$C$39,3,FALSE)) -> 3027 | AA29: =AA28+1 -> 25 | AB29: 1 | AC29: 25 | AD29: =ROUNDUP(VLOOKUP(AC29,$H$10:$J$39,3,FALSE)/$J$8*VLOOKUP(AB29,$A$10:$D$39,4,FALSE),0) -> 58 | AE29: =10^(LEN(Y29)-1)*INT(Y29/(10^(LEN(Y29)-1))) -> 3000
H30: 21 | I30: 33 | J30: 20 | Y30: =INT(VLOOKUP(AC30,$H$10:$J$39,2,FALSE)/$I$8*VLOOKUP(AB30,$A$10:$C$39,3,FALSE)) -> 3229 | AA30: =AA29+1 -> 26 | AB30: 1 | AC30: 26 | AD30: =ROUNDUP(VLOOKUP(AC30,$H$10:$J$39,3,FALSE)/$J$8*VLOOKUP(AB30,$A$10:$D$39,4,FALSE),0) -> 65 | AE30: =10^(LEN(Y30)-1)*INT(Y30/(10^(LEN(Y30)-1))) -> 3000
H31: 22 | I31: 36 | J31: 25 | Y31: =INT(VLOOKUP(AC31,$H$10:$J$39,2,FALSE)/$I$8*VLOOKUP(AB31,$A$10:$C$39,3,FALSE)) -> 3430 | AA31: =AA30+1 -> 27 | AB31: 1 | AC31: 27 | AD31: =ROUNDUP(VLOOKUP(AC31,$H$10:$J$39,3,FALSE)/$J$8*VLOOKUP(AB31,$A$10:$D$39,4,FALSE),0) -> 72 | AE31: =10^(LEN(Y31)-1)*INT(Y31/(10^(LEN(Y31)-1))) -> 3000
H32: 23 | I32: 39 | J32: 30 | Y32: =INT(VLOOKUP(AC32,$H$10:$J$39,2,FALSE)/$I$8*VLOOKUP(AB32,$A$10:$C$39,3,FALSE)) -> 3632 | AA32: =AA31+1 -> 28 | AB32: 1 | AC32: 28 | AD32: =ROUNDUP(VLOOKUP(AC32,$H$10:$J$39,3,FALSE)/$J$8*VLOOKUP(AB32,$A$10:$D$39,4,FALSE),0) -> 79 | AE32: =10^(LEN(Y32)-1)*INT(Y32/(10^(LEN(Y32)-1))) -> 3000
H33: 24 | I33: 42 | J33: 35 | Y33: =INT(VLOOKUP(AC33,$H$10:$J$39,2,FALSE)/$I$8*VLOOKUP(AB33,$A$10:$C$39,3,FALSE)) -> 3834 | AA33: =AA32+1 -> 29 | AB33: 1 | AC33: 29 | AD33: =ROUNDUP(VLOOKUP(AC33,$H$10:$J$39,3,FALSE)/$J$8*VLOOKUP(AB33,$A$10:$D$39,4,FALSE),0) -> 87 | AE33: =10^(LEN(Y33)-1)*INT(Y33/(10^(LEN(Y33)-1))) -> 3000
H34: 25 | I34: 45 | J34: 40 | Y34: =VLOOKUP(AC34,$H$10:$J$39,2,FALSE)/$I$8*VLOOKUP(AB34,$A$10:$C$39,3,FALSE) -> 0 | AA34: =AA33+1 -> 30 | AB34: 1 | AC34: 30 | AD34: =ROUNDUP(VLOOKUP(AC34,$H$10:$J$39,3,FALSE)/$J$8*VLOOKUP(AB34,$A$10:$D$39,4,FALSE),0) -> 0 | AE34: =10^(LEN(Y34)-1)*INT(Y34/(10^(LEN(Y34)-1))) -> 0
H35: 26 | I35: 48 | J35: 45 | Y35: =INT(VLOOKUP(AC35,$H$10:$J$39,2,FALSE)/$I$8*VLOOKUP(AB35,$A$10:$C$39,3,FALSE)) -> 68 | AA35: =AA34+1 -> 31 | AB35: =AB5+1 -> 2 | AC35: =AC5 -> 1 | AD35: =ROUNDUP(VLOOKUP(AC35,$H$10:$J$39,3,FALSE)/$J$8*VLOOKUP(AB35,$A$10:$D$39,4,FALSE),0) -> 1 | AE35: =10^(LEN(Y35)-1)*INT(Y35/(10^(LEN(Y35)-1))) -> 60
H36: 27 | I36: 51 | J36: 50 | Y36: =INT(VLOOKUP(AC36,$H$10:$J$39,2,FALSE)/$I$8*VLOOKUP(AB36,$A$10:$C$39,3,FALSE)) -> 136 | AA36: =AA35+1 -> 32 | AB36: =AB6+1 -> 2 | AC36: =AC6 -> 2 | AD36: =ROUNDUP(VLOOKUP(AC36,$H$10:$J$39,3,FALSE)/$J$8*VLOOKUP(AB36,$A$10:$D$39,4,FALSE),0) -> 3 | AE36: =10^(LEN(Y36)-1)*INT(Y36/(10^(LEN(Y36)-1))) -> 100
H37: 28 | I37: 54 | J37: 55 | Y37: =INT(VLOOKUP(AC37,$H$10:$J$39,2,FALSE)/$I$8*VLOOKUP(AB37,$A$10:$C$39,3,FALSE)) -> 205 | AA37: =AA36+1 -> 33 | AB37: =AB7+1 -> 2 | AC37: =AC7 -> 3 | AD37: =ROUNDUP(VLOOKUP(AC37,$H$10:$J$39,3,FALSE)/$J$8*VLOOKUP(AB37,$A$10:$D$39,4,FALSE),0) -> 4 | AE37: =10^(LEN(Y37)-1)*INT(Y37/(10^(LEN(Y37)-1))) -> 200
H38: 29 | I38: 57 | J38: 60 | Y38: =INT(VLOOKUP(AC38,$H$10:$J$39,2,FALSE)/$I$8*VLOOKUP(AB38,$A$10:$C$39,3,FALSE)) -> 273 | AA38: =AA37+1 -> 34 | AB38: =AB8+1 -> 2 | AC38: =AC8 -> 4 | AD38: =ROUNDUP(VLOOKUP(AC38,$H$10:$J$39,3,FALSE)/$J$8*VLOOKUP(AB38,$A$10:$D$39,4,FALSE),0) -> 5 | AE38: =10^(LEN(Y38)-1)*INT(Y38/(10^(LEN(Y38)-1))) -> 200
H39: 30 | Y39: =INT(VLOOKUP(AC39,$H$10:$J$39,2,FALSE)/$I$8*VLOOKUP(AB39,$A$10:$C$39,3,FALSE)) -> 341 | AA39: =AA38+1 -> 35 | AB39: =AB9+1 -> 2 | AC39: =AC9 -> 5 | AD39: =ROUNDUP(VLOOKUP(AC39,$H$10:$J$39,3,FALSE)/$J$8*VLOOKUP(AB39,$A$10:$D$39,4,FALSE),0) -> 6 | AE39: =10^(LEN(Y39)-1)*INT(Y39/(10^(LEN(Y39)-1))) -> 300
Y40: =INT(VLOOKUP(AC40,$H$10:$J$39,2,FALSE)/$I$8*VLOOKUP(AB40,$A$10:$C$39,3,FALSE)) -> 410 | AA40: =AA39+1 -> 36 | AB40: =AB10+1 -> 2 | AC40: =AC10 -> 6 | AD40: =ROUNDUP(VLOOKUP(AC40,$H$10:$J$39,3,FALSE)/$J$8*VLOOKUP(AB40,$A$10:$D$39,4,FALSE),0) -> 6 | AE40: =10^(LEN(Y40)-1)*INT(Y40/(10^(LEN(Y40)-1))) -> 400
Y41: =INT(VLOOKUP(AC41,$H$10:$J$39,2,FALSE)/$I$8*VLOOKUP(AB41,$A$10:$C$39,3,FALSE)) -> 478 | AA41: =AA40+1 -> 37 | AB41: =AB11+1 -> 2 | AC41: =AC11 -> 7 | AD41: =ROUNDUP(VLOOKUP(AC41,$H$10:$J$39,3,FALSE)/$J$8*VLOOKUP(AB41,$A$10:$D$39,4,FALSE),0) -> 7 | AE41: =10^(LEN(Y41)-1)*INT(Y41/(10^(LEN(Y41)-1))) -> 400
Y42: =INT(VLOOKUP(AC42,$H$10:$J$39,2,FALSE)/$I$8*VLOOKUP(AB42,$A$10:$C$39,3,FALSE)) -> 547 | AA42: =AA41+1 -> 38 | AB42: =AB12+1 -> 2 | AC42: =AC12 -> 8 | AD42: =ROUNDUP(VLOOKUP(AC42,$H$10:$J$39,3,FALSE)/$J$8*VLOOKUP(AB42,$A$10:$D$39,4,FALSE),0) -> 8 | AE42: =10^(LEN(Y42)-1)*INT(Y42/(10^(LEN(Y42)-1))) -> 500
Y43: =INT(VLOOKUP(AC43,$H$10:$J$39,2,FALSE)/$I$8*VLOOKUP(AB43,$A$10:$C$39,3,FALSE)) -> 615 | AA43: =AA42+1 -> 39 | AB43: =AB13+1 -> 2 | AC43: =AC13 -> 9 | AD43: =ROUNDUP(VLOOKUP(AC43,$H$10:$J$39,3,FALSE)/$J$8*VLOOKUP(AB43,$A$10:$D$39,4,FALSE),0) -> 8 | AE43: =10^(LEN(Y43)-1)*INT(Y43/(10^(LEN(Y43)-1))) -> 600
Y44: =INT(VLOOKUP(AC44,$H$10:$J$39,2,FALSE)/$I$8*VLOOKUP(AB44,$A$10:$C$39,3,FALSE)) -> 683 | AA44: =AA43+1 -> 40 | AB44: =AB14+1 -> 2 | AC44: =AC14 -> 10 | AD44: =ROUNDUP(VLOOKUP(AC44,$H$10:$J$39,3,FALSE)/$J$8*VLOOKUP(AB44,$A$10:$D$39,4,FALSE),0) -> 9 | AE44: =10^(LEN(Y44)-1)*INT(Y44/(10^(LEN(Y44)-1))) -> 600
Y45: =INT(VLOOKUP(AC45,$H$10:$J$39,2,FALSE)/$I$8*VLOOKUP(AB45,$A$10:$C$39,3,FALSE)) -> 820 | AA45: =AA44+1 -> 41 | AB45: =AB15+1 -> 2 | AC45: =AC15 -> 11 | AD45: =ROUNDUP(VLOOKUP(AC45,$H$10:$J$39,3,FALSE)/$J$8*VLOOKUP(AB45,$A$10:$D$39,4,FALSE),0) -> 10 | AE45: =10^(LEN(Y45)-1)*INT(Y45/(10^(LEN(Y45)-1))) -> 800
Y46: =INT(VLOOKUP(AC46,$H$10:$J$39,2,FALSE)/$I$8*VLOOKUP(AB46,$A$10:$C$39,3,FALSE)) -> 957 | AA46: =AA45+1 -> 42 | AB46: =AB16+1 -> 2 | AC46: =AC16 -> 12 | AD46: =ROUNDUP(VLOOKUP(AC46,$H$10:$J$39,3,FALSE)/$J$8*VLOOKUP(AB46,$A$10:$D$39,4,FALSE),0) -> 11 | AE46: =10^(LEN(Y46)-1)*INT(Y46/(10^(LEN(Y46)-1))) -> 900
Y47: =INT(VLOOKUP(AC47,$H$10:$J$39,2,FALSE)/$I$8*VLOOKUP(AB47,$A$10:$C$39,3,FALSE)) -> 1094 | AA47: =AA46+1 -> 43 | AB47: =AB17+1 -> 2 | AC47: =AC17 -> 13 | AD47: =ROUNDUP(VLOOKUP(AC47,$H$10:$J$39,3,FALSE)/$J$8*VLOOKUP(AB47,$A$10:$D$39,4,FALSE),0) -> 11 | AE47: =10^(LEN(Y47)-1)*INT(Y47/(10^(LEN(Y47)-1))) -> 1000
Y48: =INT(VLOOKUP(AC48,$H$10:$J$39,2,FALSE)/$I$8*VLOOKUP(AB48,$A$10:$C$39,3,FALSE)) -> 1230 | AA48: =AA47+1 -> 44 | AB48: =AB18+1 -> 2 | AC48: =AC18 -> 14 | AD48: =ROUNDUP(VLOOKUP(AC48,$H$10:$J$39,3,FALSE)/$J$8*VLOOKUP(AB48,$A$10:$D$39,4,FALSE),0) -> 12 | AE48: =10^(LEN(Y48)-1)*INT(Y48/(10^(LEN(Y48)-1))) -> 1000
Y49: =INT(VLOOKUP(AC49,$H$10:$J$39,2,FALSE)/$I$8*VLOOKUP(AB49,$A$10:$C$39,3,FALSE)) -> 1367 | AA49: =AA48+1 -> 45 | AB49: =AB19+1 -> 2 | AC49: =AC19 -> 15 | AD49: =ROUNDUP(VLOOKUP(AC49,$H$10:$J$39,3,FALSE)/$J$8*VLOOKUP(AB49,$A$10:$D$39,4,FALSE),0) -> 13 | AE49: =10^(LEN(Y49)-1)*INT(Y49/(10^(LEN(Y49)-1))) -> 1000
Y50: =INT(VLOOKUP(AC50,$H$10:$J$39,2,FALSE)/$I$8*VLOOKUP(AB50,$A$10:$C$39,3,FALSE)) -> 1504 | AA50: =AA49+1 -> 46 | AB50: =AB20+1 -> 2 | AC50: =AC20 -> 16 | AD50: =ROUNDUP(VLOOKUP(AC50,$H$10:$J$39,3,FALSE)/$J$8*VLOOKUP(AB50,$A$10:$D$39,4,FALSE),0) -> 13 | AE50: =10^(LEN(Y50)-1)*INT(Y50/(10^(LEN(Y50)-1))) -> 1000
Y51: =INT(VLOOKUP(AC51,$H$10:$J$39,2,FALSE)/$I$8*VLOOKUP(AB51,$A$10:$C$39,3,FALSE)) -> 1641 | AA51: =AA50+1 -> 47 | AB51: =AB21+1 -> 2 | AC51: =AC21 -> 17 | AD51: =ROUNDUP(VLOOKUP(AC51,$H$10:$J$39,3,FALSE)/$J$8*VLOOKUP(AB51,$A$10:$D$39,4,FALSE),0) -> 14 | AE51: =10^(LEN(Y51)-1)*INT(Y51/(10^(LEN(Y51)-1))) -> 1000
... Y63: =INT(VLOOKUP(AC63,$H$10:$J$39,2,FALSE)/$I$8*VLOOKUP(AB63,$A$10:$C$39,3,FALSE)) -> 3897 | AA63: =AA62+1 -> 59 | AB63: =AB33+1 -> 2 | AC63: =AC33 -> 29 | AD63: =ROUNDUP(VLOOKUP(AC63,$H$10:$J$39,3,FALSE)/$J$8*VLOOKUP(AB63,$A$10:$D$39,4,FALSE),0) -> 87 | AE63: =10^(LEN(Y63)-1)*INT(Y63/(10^(LEN(Y63)-1))) -> 3000
Y64: =VLOOKUP(AC64,$H$10:$J$39,2,FALSE)/$I$8*VLOOKUP(AB64,$A$10:$C$39,3,FALSE) -> 0 | AA64: =AA63+1 -> 60 | AB64: =AB34+1 -> 2 | AC64: =AC34 -> 30 | AD64: =ROUNDUP(VLOOKUP(AC64,$H$10:$J$39,3,FALSE)/$J$8*VLOOKUP(AB64,$A$10:$D$39,4,FALSE),0) -> 0 | AE64: =10^(LEN(Y64)-1)*INT(Y64/(10^(LEN(Y64)-1))) -> 0
Y65: =INT(VLOOKUP(AC65,$H$10:$J$39,2,FALSE)/$I$8*VLOOKUP(AB65,$A$10:$C$39,3,FALSE)) -> 69 | AA65: =AA64+1 -> 61 | AB65: =AB35+1 -> 3 | AC65: =AC35 -> 1 | AD65: =ROUNDUP(VLOOKUP(AC65,$H$10:$J$39,3,FALSE)/$J$8*VLOOKUP(AB65,$A$10:$D$39,4,FALSE),0) -> 1 | AE65: =10^(LEN(Y65)-1)*INT(Y65/(10^(LEN(Y65)-1))) -> 60
Y66: =INT(VLOOKUP(AC66,$H$10:$J$39,2,FALSE)/$I$8*VLOOKUP(AB66,$A$10:$C$39,3,FALSE)) -> 138 | AA66: =AA65+1 -> 62 | AB66: =AB36+1 -> 3 | AC66: =AC36 -> 2 | AD66: =ROUNDUP(VLOOKUP(AC66,$H$10:$J$39,3,FALSE)/$J$8*VLOOKUP(AB66,$A$10:$D$39,4,FALSE),0) -> 3 | AE66: =10^(LEN(Y66)-1)*INT(Y66/(10^(LEN(Y66)-1))) -> 100
Y67: =INT(VLOOKUP(AC67,$H$10:$J$39,2,FALSE)/$I$8*VLOOKUP(AB67,$A$10:$C$39,3,FALSE)) -> 208 | AA67: =AA66+1 -> 63 | AB67: =AB37+1 -> 3 | AC67: =AC37 -> 3 | AD67: =ROUNDUP(VLOOKUP(AC67,$H$10:$J$39,3,FALSE)/$J$8*VLOOKUP(AB67,$A$10:$D$39,4,FALSE),0) -> 4 | AE67: =10^(LEN(Y67)-1)*INT(Y67/(10^(LEN(Y67)-1))) -> 200
Y68: =INT(VLOOKUP(AC68,$H$10:$J$39,2,FALSE)/$I$8*VLOOKUP(AB68,$A$10:$C$39,3,FALSE)) -> 277 | AA68: =AA67+1 -> 64 | AB68: =AB38+1 -> 3 | AC68: =AC38 -> 4 | AD68: =ROUNDUP(VLOOKUP(AC68,$H$10:$J$39,3,FALSE)/$J$8*VLOOKUP(AB68,$A$10:$D$39,4,FALSE),0) -> 5 | AE68: =10^(LEN(Y68)-1)*INT(Y68/(10^(LEN(Y68)-1))) -> 200
Y69: =INT(VLOOKUP(AC69,$H$10:$J$39,2,FALSE)/$I$8*VLOOKUP(AB69,$A$10:$C$39,3,FALSE)) -> 347 | AA69: =AA68+1 -> 65 | AB69: =AB39+1 -> 3 | AC69: =AC39 -> 5 | AD69: =ROUNDUP(VLOOKUP(AC69,$H$10:$J$39,3,FALSE)/$J$8*VLOOKUP(AB69,$A$10:$D$39,4,FALSE),0) -> 6 | AE69: =10^(LEN(Y69)-1)*INT(Y69/(10^(LEN(Y69)-1))) -> 300
Y70: =INT(VLOOKUP(AC70,$H$10:$J$39,2,FALSE)/$I$8*VLOOKUP(AB70,$A$10:$C$39,3,FALSE)) -> 416 | AA70: =AA69+1 -> 66 | AB70: =AB40+1 -> 3 | AC70: =AC40 -> 6 | AD70: =ROUNDUP(VLOOKUP(AC70,$H$10:$J$39,3,FALSE)/$J$8*VLOOKUP(AB70,$A$10:$D$39,4,FALSE),0) -> 6 | AE70: =10^(LEN(Y70)-1)*INT(Y70/(10^(LEN(Y70)-1))) -> 400
Y71: =INT(VLOOKUP(AC71,$H$10:$J$39,2,FALSE)/$I$8*VLOOKUP(AB71,$A$10:$C$39,3,FALSE)) -> 486 | AA71: =AA70+1 -> 67 | AB71: =AB41+1 -> 3 | AC71: =AC41 -> 7 | AD71: =ROUNDUP(VLOOKUP(AC71,$H$10:$J$39,3,FALSE)/$J$8*VLOOKUP(AB71,$A$10:$D$39,4,FALSE),0) -> 7 | AE71: =10^(LEN(Y71)-1)*INT(Y71/(10^(LEN(Y71)-1))) -> 400
Y72: =INT(VLOOKUP(AC72,$H$10:$J$39,2,FALSE)/$I$8*VLOOKUP(AB72,$A$10:$C$39,3,FALSE)) -> 555 | AA72: =AA71+1 -> 68 | AB72: =AB42+1 -> 3 | AC72: =AC42 -> 8 | AD72: =ROUNDUP(VLOOKUP(AC72,$H$10:$J$39,3,FALSE)/$J$8*VLOOKUP(AB72,$A$10:$D$39,4,FALSE),0) -> 8 | AE72: =10^(LEN(Y72)-1)*INT(Y72/(10^(LEN(Y72)-1))) -> 500
Y73: =INT(VLOOKUP(AC73,$H$10:$J$39,2,FALSE)/$I$8*VLOOKUP(AB73,$A$10:$C$39,3,FALSE)) -> 625 | AA73: =AA72+1 -> 69 | AB73: =AB43+1 -> 3 | AC73: =AC43 -> 9 | AD73: =ROUNDUP(VLOOKUP(AC73,$H$10:$J$39,3,FALSE)/$J$8*VLOOKUP(AB73,$A$10:$D$39,4,FALSE),0) -> 8 | AE73: =10^(LEN(Y73)-1)*INT(Y73/(10^(LEN(Y73)-1))) -> 600
Y74: =INT(VLOOKUP(AC74,$H$10:$J$39,2,FALSE)/$I$8*VLOOKUP(AB74,$A$10:$C$39,3,FALSE)) -> 694 | AA74: =AA73+1 -> 70 | AB74: =AB44+1 -> 3 | AC74: =AC44 -> 10 | AD74: =ROUNDUP(VLOOKUP(AC74,$H$10:$J$39,3,FALSE)/$J$8*VLOOKUP(AB74,$A$10:$D$39,4,FALSE),0) -> 9 | AE74: =10^(LEN(Y74)-1)*INT(Y74/(10^(LEN(Y74)-1))) -> 600
Y75: =INT(VLOOKUP(AC75,$H$10:$J$39,2,FALSE)/$I$8*VLOOKUP(AB75,$A$10:$C$39,3,FALSE)) -> 833 | AA75: =AA74+1 -> 71 | AB75: =AB45+1 -> 3 | AC75: =AC45 -> 11 | AD75: =ROUNDUP(VLOOKUP(AC75,$H$10:$J$39,3,FALSE)/$J$8*VLOOKUP(AB75,$A$10:$D$39,4,FALSE),0) -> 10 | AE75: =10^(LEN(Y75)-1)*INT(Y75/(10^(LEN(Y75)-1))) -> 800
Y76: =INT(VLOOKUP(AC76,$H$10:$J$39,2,FALSE)/$I$8*VLOOKUP(AB76,$A$10:$C$39,3,FALSE)) -> 972 | AA76: =AA75+1 -> 72 | AB76: =AB46+1 -> 3 | AC76: =AC46 -> 12 | AD76: =ROUNDUP(VLOOKUP(AC76,$H$10:$J$39,3,FALSE)/$J$8*VLOOKUP(AB76,$A$10:$D$39,4,FALSE),0) -> 11 | AE76: =10^(LEN(Y76)-1)*INT(Y76/(10^(LEN(Y76)-1))) -> 900
... Y93: =INT(VLOOKUP(AC93,$H$10:$J$39,2,FALSE)/$I$8*VLOOKUP(AB93,$A$10:$C$39,3,FALSE)) -> 3960 | AA93: =AA92+1 -> 89 | AB93: =AB63+1 -> 3 | AC93: =AC63 -> 29 | AD93: =ROUNDUP(VLOOKUP(AC93,$H$10:$J$39,3,FALSE)/$J$8*VLOOKUP(AB93,$A$10:$D$39,4,FALSE),0) -> 87 | AE93: =10^(LEN(Y93)-1)*INT(Y93/(10^(LEN(Y93)-1))) -> 3000
Y94: =VLOOKUP(AC94,$H$10:$J$39,2,FALSE)/$I$8*VLOOKUP(AB94,$A$10:$C$39,3,FALSE) -> 0 | AA94: =AA93+1 -> 90 | AB94: =AB64+1 -> 3 | AC94: =AC64 -> 30 | AD94: =ROUNDUP(VLOOKUP(AC94,$H$10:$J$39,3,FALSE)/$J$8*VLOOKUP(AB94,$A$10:$D$39,4,FALSE),0) -> 0 | AE94: =10^(LEN(Y94)-1)*INT(Y94/(10^(LEN(Y94)-1))) -> 0
Y95: =INT(VLOOKUP(AC95,$H$10:$J$39,2,FALSE)/$I$8*VLOOKUP(AB95,$A$10:$C$39,3,FALSE)) -> 70 | AA95: =AA94+1 -> 91 | AB95: =AB65+1 -> 4 | AC95: =AC65 -> 1 | AD95: =ROUNDUP(VLOOKUP(AC95,$H$10:$J$39,3,FALSE)/$J$8*VLOOKUP(AB95,$A$10:$D$39,4,FALSE),0) -> 1 | AE95: =10^(LEN(Y95)-1)*INT(Y95/(10^(LEN(Y95)-1))) -> 70
Y96: =INT(VLOOKUP(AC96,$H$10:$J$39,2,FALSE)/$I$8*VLOOKUP(AB96,$A$10:$C$39,3,FALSE)) -> 141 | AA96: =AA95+1 -> 92 | AB96: =AB66+1 -> 4 | AC96: =AC66 -> 2 | AD96: =ROUNDUP(VLOOKUP(AC96,$H$10:$J$39,3,FALSE)/$J$8*VLOOKUP(AB96,$A$10:$D$39,4,FALSE),0) -> 3 | AE96: =10^(LEN(Y96)-1)*INT(Y96/(10^(LEN(Y96)-1))) -> 100
Y97: =INT(VLOOKUP(AC97,$H$10:$J$39,2,FALSE)/$I$8*VLOOKUP(AB97,$A$10:$C$39,3,FALSE)) -> 211 | AA97: =AA96+1 -> 93 | AB97: =AB67+1 -> 4 | AC97: =AC67 -> 3 | AD97: =ROUNDUP(VLOOKUP(AC97,$H$10:$J$39,3,FALSE)/$J$8*VLOOKUP(AB97,$A$10:$D$39,4,FALSE),0) -> 4 | AE97: =10^(LEN(Y97)-1)*INT(Y97/(10^(LEN(Y97)-1))) -> 200
Y98: =INT(VLOOKUP(AC98,$H$10:$J$39,2,FALSE)/$I$8*VLOOKUP(AB98,$A$10:$C$39,3,FALSE)) -> 282 | AA98: =AA97+1 -> 94 | AB98: =AB68+1 -> 4 | AC98: =AC68 -> 4 | AD98: =ROUNDUP(VLOOKUP(AC98,$H$10:$J$39,3,FALSE)/$J$8*VLOOKUP(AB98,$A$10:$D$39,4,FALSE),0) -> 5 | AE98: =10^(LEN(Y98)-1)*INT(Y98/(10^(LEN(Y98)-1))) -> 200
Y99: =INT(VLOOKUP(AC99,$H$10:$J$39,2,FALSE)/$I$8*VLOOKUP(AB99,$A$10:$C$39,3,FALSE)) -> 352 | AA99: =AA98+1 -> 95 | AB99: =AB69+1 -> 4 | AC99: =AC69 -> 5 | AD99: =ROUNDUP(VLOOKUP(AC99,$H$10:$J$39,3,FALSE)/$J$8*VLOOKUP(AB99,$A$10:$D$39,4,FALSE),0) -> 6 | AE99: =10^(LEN(Y99)-1)*INT(Y99/(10^(LEN(Y99)-1))) -> 300
Y100: =INT(VLOOKUP(AC100,$H$10:$J$39,2,FALSE)/$I$8*VLOOKUP(AB100,$A$10:$C$39,3,FALSE)) -> 423 | AA100: =AA99+1 -> 96 | AB100: =AB70+1 -> 4 | AC100: =AC70 -> 6 | AD100: =ROUNDUP(VLOOKUP(AC100,$H$10:$J$39,3,FALSE)/$J$8*VLOOKUP(AB100,$A$10:$D$39,4,FALSE),0) -> 6 | AE100: =10^(LEN(Y100)-1)*INT(Y100/(10^(LEN(Y100)-1))) -> 400
Y101: =INT(VLOOKUP(AC101,$H$10:$J$39,2,FALSE)/$I$8*VLOOKUP(AB101,$A$10:$C$39,3,FALSE)) -> 494 | AA101: =AA100+1 -> 97 | AB101: =AB71+1 -> 4 | AC101: =AC71 -> 7 | AD101: =ROUNDUP(VLOOKUP(AC101,$H$10:$J$39,3,FALSE)/$J$8*VLOOKUP(AB101,$A$10:$D$39,4,FALSE),0) -> 7 | AE101: =10^(LEN(Y101)-1)*INT(Y101/(10^(LEN(Y101)-1))) -> 400
Y102: =INT(VLOOKUP(AC102,$H$10:$J$39,2,FALSE)/$I$8*VLOOKUP(AB102,$A$10:$C$39,3,FALSE)) -> 564 | AA102: =AA101+1 -> 98 | AB102: =AB72+1 -> 4 | AC102: =AC72 -> 8 | AD102: =ROUNDUP(VLOOKUP(AC102,$H$10:$J$39,3,FALSE)/$J$8*VLOOKUP(AB102,$A$10:$D$39,4,FALSE),0) -> 8 | AE102: =10^(LEN(Y102)-1)*INT(Y102/(10^(LEN(Y102)-1))) -> 500
Y103: =INT(VLOOKUP(AC103,$H$10:$J$39,2,FALSE)/$I$8*VLOOKUP(AB103,$A$10:$C$39,3,FALSE)) -> 635 | AA103: =AA102+1 -> 99 | AB103: =AB73+1 -> 4 | AC103: =AC73 -> 9 | AD103: =ROUNDUP(VLOOKUP(AC103,$H$10:$J$39,3,FALSE)/$J$8*VLOOKUP(AB103,$A$10:$D$39,4,FALSE),0) -> 8 | AE103: =10^(LEN(Y103)-1)*INT(Y103/(10^(LEN(Y103)-1))) -> 600
Y104: =INT(VLOOKUP(AC104,$H$10:$J$39,2,FALSE)/$I$8*VLOOKUP(AB104,$A$10:$C$39,3,FALSE)) -> 705 | AA104: =AA103+1 -> 100 | AB104: =AB74+1 -> 4 | AC104: =AC74 -> 10 | AD104: =ROUNDUP(VLOOKUP(AC104,$H$10:$J$39,3,FALSE)/$J$8*VLOOKUP(AB104,$A$10:$D$39,4,FALSE),0) -> 9 | AE104: =10^(LEN(Y104)-1)*INT(Y104/(10^(LEN(Y104)-1))) -> 700
Y105: =INT(VLOOKUP(AC105,$H$10:$J$39,2,FALSE)/$I$8*VLOOKUP(AB105,$A$10:$C$39,3,FALSE)) -> 846 | AA105: =AA104+1 -> 101 | AB105: =AB75+1 -> 4 | AC105: =AC75 -> 11 | AD105: =ROUNDUP(VLOOKUP(AC105,$H$10:$J$39,3,FALSE)/$J$8*VLOOKUP(AB105,$A$10:$D$39,4,FALSE),0) -> 10 | AE105: =10^(LEN(Y105)-1)*INT(Y105/(10^(LEN(Y105)-1))) -> 800
Y106: =INT(VLOOKUP(AC106,$H$10:$J$39,2,FALSE)/$I$8*VLOOKUP(AB106,$A$10:$C$39,3,FALSE)) -> 988 | AA106: =AA105+1 -> 102 | AB106: =AB76+1 -> 4 | AC106: =AC76 -> 12 | AD106: =ROUNDUP(VLOOKUP(AC106,$H$10:$J$39,3,FALSE)/$J$8*VLOOKUP(AB106,$A$10:$D$39,4,FALSE),0) -> 11 | AE106: =10^(LEN(Y106)-1)*INT(Y106/(10^(LEN(Y106)-1))) -> 900
... Y123: =INT(VLOOKUP(AC123,$H$10:$J$39,2,FALSE)/$I$8*VLOOKUP(AB123,$A$10:$C$39,3,FALSE)) -> 4023 | AA123: =AA122+1 -> 119 | AB123: =AB93+1 -> 4 | AC123: =AC93 -> 29 | AD123: =ROUNDUP(VLOOKUP(AC123,$H$10:$J$39,3,FALSE)/$J$8*VLOOKUP(AB123,$A$10:$D$39,4,FALSE),0) -> 87 | AE123: =10^(LEN(Y123)-1)*INT(Y123/(10^(LEN(Y123)-1))) -> 4000
Y124: =VLOOKUP(AC124,$H$10:$J$39,2,FALSE)/$I$8*VLOOKUP(AB124,$A$10:$C$39,3,FALSE) -> 0 | AA124: =AA123+1 -> 120 | AB124: =AB94+1 -> 4 | AC124: =AC94 -> 30 | AD124: =ROUNDUP(VLOOKUP(AC124,$H$10:$J$39,3,FALSE)/$J$8*VLOOKUP(AB124,$A$10:$D$39,4,FALSE),0) -> 0 | AE124: =10^(LEN(Y124)-1)*INT(Y124/(10^(LEN(Y124)-1))) -> 0
Y125: =INT(VLOOKUP(AC125,$H$10:$J$39,2,FALSE)/$I$8*VLOOKUP(AB125,$A$10:$C$39,3,FALSE)) -> 99 | AA125: =AA124+1 -> 121 | AB125: =AB95+1 -> 5 | AC125: =AC95 -> 1 | AD125: =ROUNDUP(VLOOKUP(AC125,$H$10:$J$39,3,FALSE)/$J$8*VLOOKUP(AB125,$A$10:$D$39,4,FALSE),0) -> 1 | AE125: =10^(LEN(Y125)-1)*INT(Y125/(10^(LEN(Y125)-1))) -> 90
Y126: =INT(VLOOKUP(AC126,$H$10:$J$39,2,FALSE)/$I$8*VLOOKUP(AB126,$A$10:$C$39,3,FALSE)) -> 198 | AA126: =AA125+1 -> 122 | AB126: =AB96+1 -> 5 | AC126: =AC96 -> 2 | AD126: =ROUNDUP(VLOOKUP(AC126,$H$10:$J$39,3,FALSE)/$J$8*VLOOKUP(AB126,$A$10:$D$39,4,FALSE),0) -> 3 | AE126: =10^(LEN(Y126)-1)*INT(Y126/(10^(LEN(Y126)-1))) -> 100
Y127: =INT(VLOOKUP(AC127,$H$10:$J$39,2,FALSE)/$I$8*VLOOKUP(AB127,$A$10:$C$39,3,FALSE)) -> 297 | AA127: =AA126+1 -> 123 | AB127: =AB97+1 -> 5 | AC127: =AC97 -> 3 | AD127: =ROUNDUP(VLOOKUP(AC127,$H$10:$J$39,3,FALSE)/$J$8*VLOOKUP(AB127,$A$10:$D$39,4,FALSE),0) -> 3 | AE127: =10^(LEN(Y127)-1)*INT(Y127/(10^(LEN(Y127)-1))) -> 200
Y128: =INT(VLOOKUP(AC128,$H$10:$J$39,2,FALSE)/$I$8*VLOOKUP(AB128,$A$10:$C$39,3,FALSE)) -> 397 | AA128: =AA127+1 -> 124 | AB128: =AB98+1 -> 5 | AC128: =AC98 -> 4 | AD128: =ROUNDUP(VLOOKUP(AC128,$H$10:$J$39,3,FALSE)/$J$8*VLOOKUP(AB128,$A$10:$D$39,4,FALSE),0) -> 4 | AE128: =10^(LEN(Y128)-1)*INT(Y128/(10^(LEN(Y128)-1))) -> 300
Y129: =INT(VLOOKUP(AC129,$H$10:$J$39,2,FALSE)/$I$8*VLOOKUP(AB129,$A$10:$C$39,3,FALSE)) -> 496 | AA129: =AA128+1 -> 125 | AB129: =AB99+1 -> 5 | AC129: =AC99 -> 5 | AD129: =ROUNDUP(VLOOKUP(AC129,$H$10:$J$39,3,FALSE)/$J$8*VLOOKUP(AB129,$A$10:$D$39,4,FALSE),0) -> 5 | AE129: =10^(LEN(Y129)-1)*INT(Y129/(10^(LEN(Y129)-1))) -> 400
Y130: =INT(VLOOKUP(AC130,$H$10:$J$39,2,FALSE)/$I$8*VLOOKUP(AB130,$A$10:$C$39,3,FALSE)) -> 595 | AA130: =AA129+1 -> 126 | AB130: =AB100+1 -> 5 | AC130: =AC100 -> 6 | AD130: =ROUNDUP(VLOOKUP(AC130,$H$10:$J$39,3,FALSE)/$J$8*VLOOKUP(AB130,$A$10:$D$39,4,FALSE),0) -> 5 | AE130: =10^(LEN(Y130)-1)*INT(Y130/(10^(LEN(Y130)-1))) -> 500
Y131: =INT(VLOOKUP(AC131,$H$10:$J$39,2,FALSE)/$I$8*VLOOKUP(AB131,$A$10:$C$39,3,FALSE)) -> 694 | AA131: =AA130+1 -> 127 | AB131: =AB101+1 -> 5 | AC131: =AC101 -> 7 | AD131: =ROUNDUP(VLOOKUP(AC131,$H$10:$J$39,3,FALSE)/$J$8*VLOOKUP(AB131,$A$10:$D$39,4,FALSE),0) -> 6 | AE131: =10^(LEN(Y131)-1)*INT(Y131/(10^(LEN(Y131)-1))) -> 600
Y132: =INT(VLOOKUP(AC132,$H$10:$J$39,2,FALSE)/$I$8*VLOOKUP(AB132,$A$10:$C$39,3,FALSE)) -> 794 | AA132: =AA131+1 -> 128 | AB132: =AB102+1 -> 5 | AC132: =AC102 -> 8 | AD132: =ROUNDUP(VLOOKUP(AC132,$H$10:$J$39,3,FALSE)/$J$8*VLOOKUP(AB132,$A$10:$D$39,4,FALSE),0) -> 6 | AE132: =10^(LEN(Y132)-1)*INT(Y132/(10^(LEN(Y132)-1))) -> 700
Y133: =INT(VLOOKUP(AC133,$H$10:$J$39,2,FALSE)/$I$8*VLOOKUP(AB133,$A$10:$C$39,3,FALSE)) -> 893 | AA133: =AA132+1 -> 129 | AB133: =AB103+1 -> 5 | AC133: =AC103 -> 9 | AD133: =ROUNDUP(VLOOKUP(AC133,$H$10:$J$39,3,FALSE)/$J$8*VLOOKUP(AB133,$A$10:$D$39,4,FALSE),0) -> 7 | AE133: =10^(LEN(Y133)-1)*INT(Y133/(10^(LEN(Y133)-1))) -> 800
Y134: =INT(VLOOKUP(AC134,$H$10:$J$39,2,FALSE)/$I$8*VLOOKUP(AB134,$A$10:$C$39,3,FALSE)) -> 992 | AA134: =AA133+1 -> 130 | AB134: =AB104+1 -> 5 | AC134: =AC104 -> 10 | AD134: =ROUNDUP(VLOOKUP(AC134,$H$10:$J$39,3,FALSE)/$J$8*VLOOKUP(AB134,$A$10:$D$39,4,FALSE),0) -> 7 | AE134: =10^(LEN(Y134)-1)*INT(Y134/(10^(LEN(Y134)-1))) -> 900
Y135: =INT(VLOOKUP(AC135,$H$10:$J$39,2,FALSE)/$I$8*VLOOKUP(AB135,$A$10:$C$39,3,FALSE)) -> 1191 | AA135: =AA134+1 -> 131 | AB135: =AB105+1 -> 5 | AC135: =AC105 -> 11 | AD135: =ROUNDUP(VLOOKUP(AC135,$H$10:$J$39,3,FALSE)/$J$8*VLOOKUP(AB135,$A$10:$D$39,4,FALSE),0) -> 8 | AE135: =10^(LEN(Y135)-1)*INT(Y135/(10^(LEN(Y135)-1))) -> 1000
Y136: =INT(VLOOKUP(AC136,$H$10:$J$39,2,FALSE)/$I$8*VLOOKUP(AB136,$A$10:$C$39,3,FALSE)) -> 1389 | AA136: =AA135+1 -> 132 | AB136: =AB106+1 -> 5 | AC136: =AC106 -> 12 | AD136: =ROUNDUP(VLOOKUP(AC136,$H$10:$J$39,3,FALSE)/$J$8*VLOOKUP(AB136,$A$10:$D$39,4,FALSE),0) -> 9 | AE136: =10^(LEN(Y136)-1)*INT(Y136/(10^(LEN(Y136)-1))) -> 1000
... Y153: =INT(VLOOKUP(AC153,$H$10:$J$39,2,FALSE)/$I$8*VLOOKUP(AB153,$A$10:$C$39,3,FALSE)) -> 5657 | AA153: =AA152+1 -> 149 | AB153: =AB123+1 -> 5 | AC153: =AC123 -> 29 | AD153: =ROUNDUP(VLOOKUP(AC153,$H$10:$J$39,3,FALSE)/$J$8*VLOOKUP(AB153,$A$10:$D$39,4,FALSE),0) -> 69 | AE153: =10^(LEN(Y153)-1)*INT(Y153/(10^(LEN(Y153)-1))) -> 5000
Y154: =VLOOKUP(AC154,$H$10:$J$39,2,FALSE)/$I$8*VLOOKUP(AB154,$A$10:$C$39,3,FALSE) -> 0 | AA154: =AA153+1 -> 150 | AB154: =AB124+1 -> 5 | AC154: =AC124 -> 30 | AD154: =ROUNDUP(VLOOKUP(AC154,$H$10:$J$39,3,FALSE)/$J$8*VLOOKUP(AB154,$A$10:$D$39,4,FALSE),0) -> 0 | AE154: =10^(LEN(Y154)-1)*INT(Y154/(10^(LEN(Y154)-1))) -> 0
Y155: =INT(VLOOKUP(AC155,$H$10:$J$39,2,FALSE)/$I$8*VLOOKUP(AB155,$A$10:$C$39,3,FALSE)) -> 127 | AA155: =AA154+1 -> 151 | AB155: =AB125+1 -> 6 | AC155: =AC125 -> 1 | AD155: =ROUNDUP(VLOOKUP(AC155,$H$10:$J$39,3,FALSE)/$J$8*VLOOKUP(AB155,$A$10:$D$39,4,FALSE),0) -> 1 | AE155: =10^(LEN(Y155)-1)*INT(Y155/(10^(LEN(Y155)-1))) -> 100
Y156: =INT(VLOOKUP(AC156,$H$10:$J$39,2,FALSE)/$I$8*VLOOKUP(AB156,$A$10:$C$39,3,FALSE)) -> 255 | AA156: =AA155+1 -> 152 | AB156: =AB126+1 -> 6 | AC156: =AC126 -> 2 | AD156: =ROUNDUP(VLOOKUP(AC156,$H$10:$J$39,3,FALSE)/$J$8*VLOOKUP(AB156,$A$10:$D$39,4,FALSE),0) -> 2 | AE156: =10^(LEN(Y156)-1)*INT(Y156/(10^(LEN(Y156)-1))) -> 200
Y157: =INT(VLOOKUP(AC157,$H$10:$J$39,2,FALSE)/$I$8*VLOOKUP(AB157,$A$10:$C$39,3,FALSE)) -> 383 | AA157: =AA156+1 -> 153 | AB157: =AB127+1 -> 6 | AC157: =AC127 -> 3 | AD157: =ROUNDUP(VLOOKUP(AC157,$H$10:$J$39,3,FALSE)/$J$8*VLOOKUP(AB157,$A$10:$D$39,4,FALSE),0) -> 3 | AE157: =10^(LEN(Y157)-1)*INT(Y157/(10^(LEN(Y157)-1))) -> 300
Y158: =INT(VLOOKUP(AC158,$H$10:$J$39,2,FALSE)/$I$8*VLOOKUP(AB158,$A$10:$C$39,3,FALSE)) -> 511 | AA158: =AA157+1 -> 154 | AB158: =AB128+1 -> 6 | AC158: =AC128 -> 4 | AD158: =ROUNDUP(VLOOKUP(AC158,$H$10:$J$39,3,FALSE)/$J$8*VLOOKUP(AB158,$A$10:$D$39,4,FALSE),0) -> 3 | AE158: =10^(LEN(Y158)-1)*INT(Y158/(10^(LEN(Y158)-1))) -> 500
Y159: =INT(VLOOKUP(AC159,$H$10:$J$39,2,FALSE)/$I$8*VLOOKUP(AB159,$A$10:$C$39,3,FALSE)) -> 639 | AA159: =AA158+1 -> 155 | AB159: =AB129+1 -> 6 | AC159: =AC129 -> 5 | AD159: =ROUNDUP(VLOOKUP(AC159,$H$10:$J$39,3,FALSE)/$J$8*VLOOKUP(AB159,$A$10:$D$39,4,FALSE),0) -> 4 | AE159: =10^(LEN(Y159)-1)*INT(Y159/(10^(LEN(Y159)-1))) -> 600
Y160: =INT(VLOOKUP(AC160,$H$10:$J$39,2,FALSE)/$I$8*VLOOKUP(AB160,$A$10:$C$39,3,FALSE)) -> 767 | AA160: =AA159+1 -> 156 | AB160: =AB130+1 -> 6 | AC160: =AC130 -> 6 | AD160: =ROUNDUP(VLOOKUP(AC160,$H$10:$J$39,3,FALSE)/$J$8*VLOOKUP(AB160,$A$10:$D$39,4,FALSE),0) -> 4 | AE160: =10^(LEN(Y160)-1)*INT(Y160/(10^(LEN(Y160)-1))) -> 700
Y161: =INT(VLOOKUP(AC161,$H$10:$J$39,2,FALSE)/$I$8*VLOOKUP(AB161,$A$10:$C$39,3,FALSE)) -> 895 | AA161: =AA160+1 -> 157 | AB161: =AB131+1 -> 6 | AC161: =AC131 -> 7 | AD161: =ROUNDUP(VLOOKUP(AC161,$H$10:$J$39,3,FALSE)/$J$8*VLOOKUP(AB161,$A$10:$D$39,4,FALSE),0) -> 4 | AE161: =10^(LEN(Y161)-1)*INT(Y161/(10^(LEN(Y161)-1))) -> 800
Y162: =INT(VLOOKUP(AC162,$H$10:$J$39,2,FALSE)/$I$8*VLOOKUP(AB162,$A$10:$C$39,3,FALSE)) -> 1023 | AA162: =AA161+1 -> 158 | AB162: =AB132+1 -> 6 | AC162: =AC132 -> 8 | AD162: =ROUNDUP(VLOOKUP(AC162,$H$10:$J$39,3,FALSE)/$J$8*VLOOKUP(AB162,$A$10:$D$39,4,FALSE),0) -> 5 | AE162: =10^(LEN(Y162)-1)*INT(Y162/(10^(LEN(Y162)-1))) -> 1000
Y163: =INT(VLOOKUP(AC163,$H$10:$J$39,2,FALSE)/$I$8*VLOOKUP(AB163,$A$10:$C$39,3,FALSE)) -> 1151 | AA163: =AA162+1 -> 159 | AB163: =AB133+1 -> 6 | AC163: =AC133 -> 9 | AD163: =ROUNDUP(VLOOKUP(AC163,$H$10:$J$39,3,FALSE)/$J$8*VLOOKUP(AB163,$A$10:$D$39,4,FALSE),0) -> 5 | AE163: =10^(LEN(Y163)-1)*INT(Y163/(10^(LEN(Y163)-1))) -> 1000
...

Sheet 怪物|monster
A1: ='M1'!A22 -> 怪物攻击等待 | C1: 怪物定义 | D1: 首攻等待 | E1: HP倍率 | F1: 攻击倍率 | G1: 攻击距离 | H1: 速度 | I1: 刷新最小距离 | J1: 刷新最大距离 | K1: 攻击修正 | L1: 出生BUFF | M1: 发射包 | P1: ID | Q1: 名字 | R1: 类型 | S1: 标签 | T1: 美术资源 | U1: 显示层级 | V1: 索敌方式 | W1: 发射包 | X1: 攻击距离 | Y1: 攻击间隔 | Z1: 首次攻击时间 | AA1: 基础移动 | AB1: 基础HP | AC1: HP权重 | AD1: 基础攻击 | AE1: 攻击时是否停止移动 | AF1: 死亡SE | AG1: 尺寸缩放 | AH1: 刷新最小距离 | AI1: 刷新最大距离 | AJ1: 走位距离 | AK1: 游走半径 | AL1: 走位策略 | AM1: 行动动画 | AN1: 铜币 | AO1: BUFF效果缩放 | AP1: 死亡发射 | AQ1: 死亡事件 | AR1: 出生BUFF | AS1: 出生发射 | AT1: 光环显示
A2: ='M1'!A23 -> 5 | C2: 1 | D2: 1 | E2: =D2/$A$2 -> 0.2 | F2: =1/E2*K2 -> 0.5 | G2: 200 | H2: 37.5 | I2: 500 | J2: 400 | K2: 0.1 | L2: 10013 | M2: 10001 | P2: int | Q2: string | R2: int | S2: int[] | T2: string | U2: int | V2: int | W2: int | X2: int | Y2: int | Z2: int | AA2: int | AB2: double | AC2: int | AD2: double | AE2: int | AF2: string | AG2: double | AH2: int | AI2: int | AJ2: int | AK2: int | AL2: int | AM2: int | AN2: int | AO2: int | AP2: int[] | AQ2: int[] | AR2: int[] | AS2: int[] | AT2: double
A3: ='M1'!A24 -> 怪物总HP | C3: 2 | D3: 2 | E3: =D3/$A$2 -> 0.4 | F3: =1/E3*K3 -> 2 | G3: 200 | H3: 37.5 | I3: 600 | J3: 550 | K3: 0.8 | M3: 10001 | P3: id | Q3: name | R3: type | S3: tag | T3: img | U3: level | V3: enemySearch | W3: shootBagId | X3: atkDist | Y3: atkInterval | Z3: firstAtkInterval | AA3: moveSpeed | AB3: hp | AC3: hpWeight | AD3: atk | AE3: atkMove | AF3: deathSe | AG3: scale | AH3: distanceM | AI3: distanceH | AJ3: fristRang | AK3: roamRang | AL3: strategy | AM3: moveAnimationSpeed | AN3: money | AO3: buffEff | AP3: dead | AQ3: deadEvent | AR3: bornBuff | AS3: born | AT3: haloScale
A4: ='M1'!A25 -> 1350 | C4: 3 | D4: 4 | E4: =D4/$A$2 -> 0.8 | F4: =1/E4*K4 -> 0.125 | G4: 200 | H4: 15 | I4: 700 | J4: 650 | K4: 0.1 | M4: 10001 | N4: 怪物定义 | P4: server/client | Q4: server/client | R4: server/client | S4: server/client | T4: server/client | U4: server/client | V4: server/client | W4: server/client | X4: server/client | Y4: server/client | Z4: server/client | AA4: server/client | AB4: server/client | AC4: server/client | AD4: server/client | AE4: server/client | AF4: server/client | AG4: server/client | AH4: server/client | AI4: server/client | AJ4: server/client | AK4: server/client | AL4: server/client | AN4: server/client | AO4: server/client | AP4: server/client | AQ4: server/client | AR4: server/client | AS4: server/client | AT4: server/client
A5: ='M1'!A26 -> 一波怪标准数量 | C5: 4 | D5: 1 | E5: =D5/$A$2 -> 0.2 | F5: =1/E5*K5 -> 0.5 | G5: 150 | H5: 90 | I5: 600 | J5: 600 | K5: 0.1 | L5: 10012 | M5: 10001 | N5: 4 | P5: 1 | Q5: 丧尸狗 | R5: 0 | S5: 1 | T5: mon_11 | W5: =VLOOKUP(N5,$C$2:$M$6,11,FALSE) -> 10001 | X5: =VLOOKUP(N5,$C$2:$G$6,5,FALSE) -> 150 | Y5: 3000 | Z5: =VLOOKUP(N5,$C$2:$G$6,2,FALSE)*1000 -> 1000 | AA5: =VLOOKUP(N5,$C$2:$H$6,6,FALSE) -> 90 | AB5: =VLOOKUP(N5,$C$2:$G$6,3,FALSE)*$A$8*(IF(R5<2,1,(MOD(P5,4)+1)/5*$A$17+$A$15))*$A$25 -> 1.782 | AD5: =VLOOKUP(N5,$C$2:$G$6,4,FALSE)*(Y5/1000)*(IF(R5<2,$A$11,$A$13)) -> 0.45 | AE5: 0 | AF5: mo | AG5: 0.23 | AH5: =VLOOKUP(N5,$C$2:$J$6,7,FALSE) -> 600 | AI5: =VLOOKUP(N5,$C$2:$J$6,8,FALSE) -> 600 | AJ5: =X5 -> 150 | AL5: 0 | AM5: 0 | AN5: 1 | AO5: 100 | AR5: =VLOOKUP(N5,$C$2:$L$6,10,FALSE) -> 10012 | AT5: =IF(R5=0,"",1)
A6: ='M1'!A27 -> 100 | C6: 5 | D6: 4 | E6: =D6/$A$2 -> 0.8 | F6: =1/E6*K6 -> 0.125 | G6: 350 | H6: 19.5 | I6: 500 | J6: 450 | K6: 0.1 | M6: 10002 | N6: 1 | P6: 2 | Q6: 鬼火绿 | R6: 0 | S6: 1 | T6: mon_3 | W6: =VLOOKUP(N6,$C$2:$M$6,11,FALSE) -> 10001 | X6: =VLOOKUP(N6,$C$2:$G$6,5,FALSE) -> 200 | Y6: 3750 | Z6: =VLOOKUP(N6,$C$2:$G$6,2,FALSE)*1000 -> 1000 | AA6: =VLOOKUP(N6,$C$2:$H$6,6,FALSE) -> 37.5 | AB6: =VLOOKUP(N6,$C$2:$G$6,3,FALSE)*$A$8*(IF(R6<2,1,(MOD(P6,4)+1)/5*$A$17+$A$15))*$A$25 -> 1.782 | AD6: =VLOOKUP(N6,$C$2:$G$6,4,FALSE)*(Y6/1000)*(IF(R6<2,$A$11,$A$13)) -> 0.5625 | AE6: 0 | AF6: mo | AG6: 0.35 | AH6: =VLOOKUP(N6,$C$2:$J$6,7,FALSE) -> 500 | AI6: =VLOOKUP(N6,$C$2:$J$6,8,FALSE) -> 400 | AJ6: =X6 -> 200 | AL6: 0 | AM6: 0 | AN6: 1 | AO6: 100 | AR6: =VLOOKUP(N6,$C$2:$L$6,10,FALSE) -> 10013 | AT6: =IF(R6=0,"",1)
A7: ='M1'!A28 -> 小怪单HP | N7: 2 | P7: 3 | Q7: 僵尸 | R7: 0 | S7: 1 | T7: mon_2 | W7: =VLOOKUP(N7,$C$2:$M$6,11,FALSE) -> 10001 | X7: =VLOOKUP(N7,$C$2:$G$6,5,FALSE) -> 200 | Y7: 5250 | Z7: =VLOOKUP(N7,$C$2:$G$6,2,FALSE)*1000 -> 2000 | AA7: =VLOOKUP(N7,$C$2:$H$6,6,FALSE) -> 37.5 | AB7: =VLOOKUP(N7,$C$2:$G$6,3,FALSE)*$A$8*(IF(R7<2,1,(MOD(P7,4)+1)/5*$A$17+$A$15))*$A$25 -> 3.564 | AD7: =VLOOKUP(N7,$C$2:$G$6,4,FALSE)*(Y7/1000)*(IF(R7<2,$A$11,$A$13)) -> 3.15 | AE7: 0 | AF7: mo | AG7: 0.3 | AH7: =VLOOKUP(N7,$C$2:$J$6,7,FALSE) -> 600 | AI7: =VLOOKUP(N7,$C$2:$J$6,8,FALSE) -> 550 | AJ7: =X7 -> 200 | AL7: 0 | AM7: 0 | AN7: 1 | AO7: 100 | AR7: =VLOOKUP(N7,$C$2:$L$6,10,FALSE) -> 0 | AT7: =IF(R7=0,"",1)
A8: ='M1'!A29 -> 13.5 | N8: 2 | P8: 4 | Q8: 幽灵 | R8: 0 | S8: 1 | T8: mon_4 | W8: =VLOOKUP(N8,$C$2:$M$6,11,FALSE) -> 10001 | X8: =VLOOKUP(N8,$C$2:$G$6,5,FALSE) -> 200 | Y8: 3000 | Z8: =VLOOKUP(N8,$C$2:$G$6,2,FALSE)*1000 -> 2000 | AA8: =VLOOKUP(N8,$C$2:$H$6,6,FALSE) -> 37.5 | AB8: =VLOOKUP(N8,$C$2:$G$6,3,FALSE)*$A$8*(IF(R8<2,1,(MOD(P8,4)+1)/5*$A$17+$A$15))*$A$25 -> 3.564 | AD8: =VLOOKUP(N8,$C$2:$G$6,4,FALSE)*(Y8/1000)*(IF(R8<2,$A$11,$A$13)) -> 1.8 | AE8: 0 | AF8: mo | AG8: 0.25 | AH8: =VLOOKUP(N8,$C$2:$J$6,7,FALSE) -> 600 | AI8: =VLOOKUP(N8,$C$2:$J$6,8,FALSE) -> 550 | AJ8: =X8 -> 200 | AL8: 0 | AM8: 0 | AN8: 1 | AO8: 100 | AR8: =VLOOKUP(N8,$C$2:$L$6,10,FALSE) -> 0 | AT8: =IF(R8=0,"",1)
N9: 3 | P9: 5 | Q9: 红女鬼 | R9: 0 | S9: 1 | T9: mon_5 | W9: =VLOOKUP(N9,$C$2:$M$6,11,FALSE) -> 10001 | X9: =VLOOKUP(N9,$C$2:$G$6,5,FALSE) -> 200 | Y9: 3150 | Z9: =VLOOKUP(N9,$C$2:$G$6,2,FALSE)*1000 -> 4000 | AA9: =VLOOKUP(N9,$C$2:$H$6,6,FALSE) -> 15 | AB9: =VLOOKUP(N9,$C$2:$G$6,3,FALSE)*$A$8*(IF(R9<2,1,(MOD(P9,4)+1)/5*$A$17+$A$15))*$A$25 -> 7.128 | AD9: =VLOOKUP(N9,$C$2:$G$6,4,FALSE)*(Y9/1000)*(IF(R9<2,$A$11,$A$13)) -> 0.118125 | AE9: 0 | AF9: mo | AG9: 0.3 | AH9: =VLOOKUP(N9,$C$2:$J$6,7,FALSE) -> 700 | AI9: =VLOOKUP(N9,$C$2:$J$6,8,FALSE) -> 650 | AJ9: =X9 -> 200 | AL9: 0 | AM9: 0 | AN9: 1 | AO9: 100 | AR9: =VLOOKUP(N9,$C$2:$L$6,10,FALSE) -> 0 | AT9: =IF(R9=0,"",1)
A10: ='M1'!C14 -> 小怪标准DPS | N10: 1 | P10: 6 | Q10: 鬼火蓝 | R10: 0 | S10: 1 | T10: mon_8 | W10: =VLOOKUP(N10,$C$2:$M$6,11,FALSE) -> 10001 | X10: =VLOOKUP(N10,$C$2:$G$6,5,FALSE) -> 200 | Y10: 3300 | Z10: =VLOOKUP(N10,$C$2:$G$6,2,FALSE)*1000 -> 1000 | AA10: =VLOOKUP(N10,$C$2:$H$6,6,FALSE) -> 37.5 | AB10: =VLOOKUP(N10,$C$2:$G$6,3,FALSE)*$A$8*(IF(R10<2,1,(MOD(P10,4)+1)/5*$A$17+$A$15))*$A$25 -> 1.782 | AD10: =VLOOKUP(N10,$C$2:$G$6,4,FALSE)*(Y10/1000)*(IF(R10<2,$A$11,$A$13)) -> 0.495 | AE10: 0 | AF10: mo | AG10: 0.3 | AH10: =VLOOKUP(N10,$C$2:$J$6,7,FALSE) -> 500 | AI10: =VLOOKUP(N10,$C$2:$J$6,8,FALSE) -> 400 | AJ10: =X10 -> 200 | AL10: 0 | AM10: 0 | AN10: 1 | AO10: 100 | AR10: =VLOOKUP(N10,$C$2:$L$6,10,FALSE) -> 10013 | AT10: =IF(R10=0,"",1)
A11: ='M1'!C15 -> 0.3 | N11: 5 | P11: 7 | Q11: 木乃伊 | R11: 0 | S11: 1 | T11: mon_7 | W11: =VLOOKUP(N11,$C$2:$M$6,11,FALSE) -> 10002 | X11: =VLOOKUP(N11,$C$2:$G$6,5,FALSE) -> 350 | Y11: 2500 | Z11: =VLOOKUP(N11,$C$2:$G$6,2,FALSE)*1000 -> 4000 | AA11: =VLOOKUP(N11,$C$2:$H$6,6,FALSE) -> 19.5 | AB11: =VLOOKUP(N11,$C$2:$G$6,3,FALSE)*$A$8*(IF(R11<2,1,(MOD(P11,4)+1)/5*$A$17+$A$15))*$A$25 -> 7.128 | AD11: =VLOOKUP(N11,$C$2:$G$6,4,FALSE)*(Y11/1000)*(IF(R11<2,$A$11,$A$13)) -> 0.09375 | AE11: 0 | AF11: mo | AG11: 0.3 | AH11: =VLOOKUP(N11,$C$2:$J$6,7,FALSE) -> 500 | AI11: =VLOOKUP(N11,$C$2:$J$6,8,FALSE) -> 450 | AJ11: =X11 -> 350 | AL11: 0 | AM11: 0 | AN11: 1 | AO11: 100 | AR11: =VLOOKUP(N11,$C$2:$L$6,10,FALSE) -> 0 | AT11: =IF(R11=0,"",1)
A12: ='M1'!C16 -> BOSS攻击倍率 | N12: 3 | P12: 8 | Q12: 章鱼红 | R12: 0 | S12: 1 | T12: mon_15 | W12: =VLOOKUP(N12,$C$2:$M$6,11,FALSE) -> 10001 | X12: =VLOOKUP(N12,$C$2:$G$6,5,FALSE) -> 200 | Y12: 3600 | Z12: =VLOOKUP(N12,$C$2:$G$6,2,FALSE)*1000 -> 4000 | AA12: =VLOOKUP(N12,$C$2:$H$6,6,FALSE) -> 15 | AB12: =VLOOKUP(N12,$C$2:$G$6,3,FALSE)*$A$8*(IF(R12<2,1,(MOD(P12,4)+1)/5*$A$17+$A$15))*$A$25 -> 7.128 | AD12: =VLOOKUP(N12,$C$2:$G$6,4,FALSE)*(Y12/1000)*(IF(R12<2,$A$11,$A$13)) -> 0.135 | AE12: 0 | AF12: mo | AG12: 0.3 | AH12: =VLOOKUP(N12,$C$2:$J$6,7,FALSE) -> 700 | AI12: =VLOOKUP(N12,$C$2:$J$6,8,FALSE) -> 650 | AJ12: =X12 -> 200 | AL12: 0 | AM12: 0 | AN12: 1 | AO12: 100 | AR12: =VLOOKUP(N12,$C$2:$L$6,10,FALSE) -> 0 | AT12: =IF(R12=0,"",1)
A13: ='M1'!C17 -> 1 | N13: 1 | P13: 9 | Q13: 鬼火紫 | R13: 0 | S13: 1 | T13: mon_9 | W13: =VLOOKUP(N13,$C$2:$M$6,11,FALSE) -> 10001 | X13: =VLOOKUP(N13,$C$2:$G$6,5,FALSE) -> 200 | Y13: 3750 | Z13: =VLOOKUP(N13,$C$2:$G$6,2,FALSE)*1000 -> 1000 | AA13: =VLOOKUP(N13,$C$2:$H$6,6,FALSE) -> 37.5 | AB13: =VLOOKUP(N13,$C$2:$G$6,3,FALSE)*$A$8*(IF(R13<2,1,(MOD(P13,4)+1)/5*$A$17+$A$15))*$A$25 -> 1.782 | AD13: =VLOOKUP(N13,$C$2:$G$6,4,FALSE)*(Y13/1000)*(IF(R13<2,$A$11,$A$13)) -> 0.5625 | AE13: 0 | AF13: mo | AG13: 0.3 | AH13: =VLOOKUP(N13,$C$2:$J$6,7,FALSE) -> 500 | AI13: =VLOOKUP(N13,$C$2:$J$6,8,FALSE) -> 400 | AJ13: =X13 -> 200 | AL13: 0 | AM13: 0 | AN13: 1 | AO13: 100 | AR13: =VLOOKUP(N13,$C$2:$L$6,10,FALSE) -> 10013 | AT13: =IF(R13=0,"",1)
A14: BOSS HP倍率 | N14: 2 | P14: 10 | Q14: 章鱼 | R14: 0 | S14: 1 | T14: mon_10 | W14: =VLOOKUP(N14,$C$2:$M$6,11,FALSE) -> 10001 | X14: =VLOOKUP(N14,$C$2:$G$6,5,FALSE) -> 200 | Y14: 3900 | Z14: =VLOOKUP(N14,$C$2:$G$6,2,FALSE)*1000 -> 2000 | AA14: =VLOOKUP(N14,$C$2:$H$6,6,FALSE) -> 37.5 | AB14: =VLOOKUP(N14,$C$2:$G$6,3,FALSE)*$A$8*(IF(R14<2,1,(MOD(P14,4)+1)/5*$A$17+$A$15))*$A$25 -> 3.564 | AD14: =VLOOKUP(N14,$C$2:$G$6,4,FALSE)*(Y14/1000)*(IF(R14<2,$A$11,$A$13)) -> 2.34 | AE14: 0 | AF14: mo | AG14: 0.3 | AH14: =VLOOKUP(N14,$C$2:$J$6,7,FALSE) -> 600 | AI14: =VLOOKUP(N14,$C$2:$J$6,8,FALSE) -> 550 | AJ14: =X14 -> 200 | AL14: 0 | AM14: 0 | AN14: 1 | AO14: 100 | AR14: =VLOOKUP(N14,$C$2:$L$6,10,FALSE) -> 0 | AT14: =IF(R14=0,"",1)
A15: 30 | N15: 2 | P15: 1001 | Q15: 女鬼[B] | R15: 2 | S15: 3 | T15: boss_1 | W15: =VLOOKUP(N15,$C$2:$M$6,11,FALSE) -> 10001 | X15: =VLOOKUP(N15,$C$2:$G$6,5,FALSE) -> 200 | Y15: 2000 | Z15: =VLOOKUP(N15,$C$2:$G$6,2,FALSE)*1000 -> 2000 | AA15: =VLOOKUP(N15,$C$2:$H$6,6,FALSE) -> 37.5 | AB15: =VLOOKUP(N15,$C$2:$G$6,3,FALSE)*$A$8*(IF(R15<2,1,(MOD(P15,4)+1)/5*$A$17+$A$15))*$A$25 -> 121.176 | AD15: =VLOOKUP(N15,$C$2:$G$6,4,FALSE)*(Y15/1000)*(IF(R15<2,$A$11,$A$13)) -> 4 | AE15: 0 | AF15: boss | AG15: 0.35 | AH15: =VLOOKUP(N15,$C$2:$J$6,7,FALSE) -> 600 | AI15: =VLOOKUP(N15,$C$2:$J$6,8,FALSE) -> 550 | AJ15: =X15 -> 200 | AL15: 0 | AM15: 0 | AN15: 1 | AO15: 200 | AR15: =IF(R15=2,$A$20,"") -> 200,800,2200,2300 | AT15: =IF(R15=0,"",1) -> 1
A16: BOSS HP倍率附加 | N16: 2 | P16: 1002 | Q16: 鬼火绿[B] | R16: 2 | S16: 3 | T16: boss_3 | W16: =VLOOKUP(N16,$C$2:$M$6,11,FALSE) -> 10001 | X16: =VLOOKUP(N16,$C$2:$G$6,5,FALSE) -> 200 | Y16: 2000 | Z16: =VLOOKUP(N16,$C$2:$G$6,2,FALSE)*1000 -> 2000 | AA16: =VLOOKUP(N16,$C$2:$H$6,6,FALSE) -> 37.5 | AB16: =VLOOKUP(N16,$C$2:$G$6,3,FALSE)*$A$8*(IF(R16<2,1,(MOD(P16,4)+1)/5*$A$17+$A$15))*$A$25 -> 128.304 | AD16: =VLOOKUP(N16,$C$2:$G$6,4,FALSE)*(Y16/1000)*(IF(R16<2,$A$11,$A$13)) -> 4 | AE16: 0 | AF16: boss | AG16: 0.45 | AH16: =VLOOKUP(N16,$C$2:$J$6,7,FALSE) -> 600 | AI16: =VLOOKUP(N16,$C$2:$J$6,8,FALSE) -> 550 | AJ16: =X16 -> 200 | AL16: 0 | AM16: 0 | AN16: 1 | AO16: 200 | AR16: =IF(R16=2,$A$20,"") -> 200,800,2200,2300 | AT16: =IF(R16=0,"",1) -> 1
A17: 10 | N17: 2 | P17: 1003 | Q17: 僵尸[B] | R17: 2 | S17: 3 | T17: boss_2 | W17: =VLOOKUP(N17,$C$2:$M$6,11,FALSE) -> 10001 | X17: =VLOOKUP(N17,$C$2:$G$6,5,FALSE) -> 200 | Y17: 2000 | Z17: =VLOOKUP(N17,$C$2:$G$6,2,FALSE)*1000 -> 2000 | AA17: =VLOOKUP(N17,$C$2:$H$6,6,FALSE) -> 37.5 | AB17: =VLOOKUP(N17,$C$2:$G$6,3,FALSE)*$A$8*(IF(R17<2,1,(MOD(P17,4)+1)/5*$A$17+$A$15))*$A$25 -> 135.432 | AD17: =VLOOKUP(N17,$C$2:$G$6,4,FALSE)*(Y17/1000)*(IF(R17<2,$A$11,$A$13)) -> 4 | AE17: 0 | AF17: boss | AG17: 0.7 | AH17: =VLOOKUP(N17,$C$2:$J$6,7,FALSE) -> 600 | AI17: =VLOOKUP(N17,$C$2:$J$6,8,FALSE) -> 550 | AJ17: =X17 -> 200 | AL17: 0 | AM17: 0 | AN17: 1 | AO17: 200 | AR17: =IF(R17=2,$A$20,"") -> 200,800,2200,2300 | AT17: =IF(R17=0,"",1) -> 1
N18: 2 | P18: 1004 | Q18: 幽灵[B] | R18: 2 | S18: 3 | T18: boss_4 | W18: =VLOOKUP(N18,$C$2:$M$6,11,FALSE) -> 10001 | X18: =VLOOKUP(N18,$C$2:$G$6,5,FALSE) -> 200 | Y18: 2000 | Z18: =VLOOKUP(N18,$C$2:$G$6,2,FALSE)*1000 -> 2000 | AA18: =VLOOKUP(N18,$C$2:$H$6,6,FALSE) -> 37.5 | AB18: =VLOOKUP(N18,$C$2:$G$6,3,FALSE)*$A$8*(IF(R18<2,1,(MOD(P18,4)+1)/5*$A$17+$A$15))*$A$25 -> 114.048 | AD18: =VLOOKUP(N18,$C$2:$G$6,4,FALSE)*(Y18/1000)*(IF(R18<2,$A$11,$A$13)) -> 4 | AE18: 0 | AF18: boss | AG18: 0.45 | AH18: =VLOOKUP(N18,$C$2:$J$6,7,FALSE) -> 600 | AI18: =VLOOKUP(N18,$C$2:$J$6,8,FALSE) -> 550 | AJ18: =X18 -> 200 | AL18: 0 | AM18: 0 | AN18: 1 | AO18: 200 | AR18: =IF(R18=2,$A$20,"") -> 200,800,2200,2300 | AT18: =IF(R18=0,"",1) -> 1
A19: BOSS出生自带BUFF | N19: 2 | P19: 1005 | Q19: 红女鬼[B] | R19: 2 | S19: 3 | T19: boss_5 | W19: =VLOOKUP(N19,$C$2:$M$6,11,FALSE) -> 10001 | X19: =VLOOKUP(N19,$C$2:$G$6,5,FALSE) -> 200 | Y19: 2000 | Z19: =VLOOKUP(N19,$C$2:$G$6,2,FALSE)*1000 -> 2000 | AA19: =VLOOKUP(N19,$C$2:$H$6,6,FALSE) -> 37.5 | AB19: =VLOOKUP(N19,$C$2:$G$6,3,FALSE)*$A$8*(IF(R19<2,1,(MOD(P19,4)+1)/5*$A$17+$A$15))*$A$25 -> 121.176 | AD19: =VLOOKUP(N19,$C$2:$G$6,4,FALSE)*(Y19/1000)*(IF(R19<2,$A$11,$A$13)) -> 4 | AE19: 0 | AF19: boss | AG19: 0.45 | AH19: =VLOOKUP(N19,$C$2:$J$6,7,FALSE) -> 600 | AI19: =VLOOKUP(N19,$C$2:$J$6,8,FALSE) -> 550 | AJ19: =X19 -> 200 | AL19: 0 | AM19: 0 | AN19: 1 | AO19: 200 | AR19: =IF(R19=2,$A$20,"") -> 200,800,2200,2300 | AT19: =IF(R19=0,"",1) -> 1
A20: 200,800,2200,2300 | N20: 2 | P20: 1006 | Q20: 鬼火蓝[B] | R20: 2 | S20: 3 | T20: boss_8 | W20: =VLOOKUP(N20,$C$2:$M$6,11,FALSE) -> 10001 | X20: =VLOOKUP(N20,$C$2:$G$6,5,FALSE) -> 200 | Y20: 2000 | Z20: =VLOOKUP(N20,$C$2:$G$6,2,FALSE)*1000 -> 2000 | AA20: =VLOOKUP(N20,$C$2:$H$6,6,FALSE) -> 37.5 | AB20: =VLOOKUP(N20,$C$2:$G$6,3,FALSE)*$A$8*(IF(R20<2,1,(MOD(P20,4)+1)/5*$A$17+$A$15))*$A$25 -> 128.304 | AD20: =VLOOKUP(N20,$C$2:$G$6,4,FALSE)*(Y20/1000)*(IF(R20<2,$A$11,$A$13)) -> 4 | AE20: 0 | AF20: boss | AG20: 0.45 | AH20: =VLOOKUP(N20,$C$2:$J$6,7,FALSE) -> 600 | AI20: =VLOOKUP(N20,$C$2:$J$6,8,FALSE) -> 550 | AJ20: =X20 -> 200 | AL20: 0 | AM20: 0 | AN20: 1 | AO20: 200 | AR20: =IF(R20=2,$A$20,"") -> 200,800,2200,2300 | AT20: =IF(R20=0,"",1) -> 1
N21: 5 | P21: 1007 | Q21: 木乃伊[B] | R21: 2 | S21: 3 | T21: boss_7 | W21: 10003 | X21: =VLOOKUP(N21,$C$2:$G$6,5,FALSE) -> 350 | Y21: 2000 | Z21: =VLOOKUP(N21,$C$2:$G$6,2,FALSE)*1000 -> 4000 | AA21: =VLOOKUP(N21,$C$2:$H$6,6,FALSE) -> 19.5 | AB21: =VLOOKUP(N21,$C$2:$G$6,3,FALSE)*$A$8*(IF(R21<2,1,(MOD(P21,4)+1)/5*$A$17+$A$15))*$A$25 -> 270.864 | AD21: =VLOOKUP(N21,$C$2:$G$6,4,FALSE)*(Y21/1000)*(IF(R21<2,$A$11,$A$13)) -> 0.25 | AE21: 0 | AF21: boss | AG21: 0.35 | AH21: =VLOOKUP(N21,$C$2:$J$6,7,FALSE) -> 500 | AI21: =VLOOKUP(N21,$C$2:$J$6,8,FALSE) -> 450 | AJ21: =X21 -> 350 | AL21: 0 | AM21: 0 | AN21: 1 | AO21: 200 | AR21: =IF(R21=2,$A$20,"") -> 200,800,2200,2300 | AT21: =IF(R21=0,"",1) -> 1
A22: 精英HP相对于BOSS的倍率 | N22: 2 | P22: 1008 | Q22: 青女鬼[B] | R22: 2 | S22: 3 | T22: boss_6 | W22: =VLOOKUP(N22,$C$2:$M$6,11,FALSE) -> 10001 | X22: =VLOOKUP(N22,$C$2:$G$6,5,FALSE) -> 200 | Y22: 2000 | Z22: =VLOOKUP(N22,$C$2:$G$6,2,FALSE)*1000 -> 2000 | AA22: =VLOOKUP(N22,$C$2:$H$6,6,FALSE) -> 37.5 | AB22: =VLOOKUP(N22,$C$2:$G$6,3,FALSE)*$A$8*(IF(R22<2,1,(MOD(P22,4)+1)/5*$A$17+$A$15))*$A$25 -> 114.048 | AD22: =VLOOKUP(N22,$C$2:$G$6,4,FALSE)*(Y22/1000)*(IF(R22<2,$A$11,$A$13)) -> 4 | AE22: 0 | AF22: boss | AG22: 0.35 | AH22: =VLOOKUP(N22,$C$2:$J$6,7,FALSE) -> 600 | AI22: =VLOOKUP(N22,$C$2:$J$6,8,FALSE) -> 550 | AJ22: =X22 -> 200 | AL22: 0 | AM22: 0 | AN22: 1 | AO22: 200 | AR22: =IF(R22=2,$A$20,"") -> 200,800,2200,2300 | AT22: =IF(R22=0,"",1) -> 1
A23: 0.5 | N23: 2 | P23: 1009 | Q23: 鬼火紫[B] | R23: 2 | S23: 3 | T23: boss_9 | W23: =VLOOKUP(N23,$C$2:$M$6,11,FALSE) -> 10001 | X23: =VLOOKUP(N23,$C$2:$G$6,5,FALSE) -> 200 | Y23: 2000 | Z23: =VLOOKUP(N23,$C$2:$G$6,2,FALSE)*1000 -> 2000 | AA23: =VLOOKUP(N23,$C$2:$H$6,6,FALSE) -> 37.5 | AB23: =VLOOKUP(N23,$C$2:$G$6,3,FALSE)*$A$8*(IF(R23<2,1,(MOD(P23,4)+1)/5*$A$17+$A$15))*$A$25 -> 121.176 | AD23: =VLOOKUP(N23,$C$2:$G$6,4,FALSE)*(Y23/1000)*(IF(R23<2,$A$11,$A$13)) -> 4 | AE23: 0 | AF23: boss | AG23: 0.45 | AH23: =VLOOKUP(N23,$C$2:$J$6,7,FALSE) -> 600 | AI23: =VLOOKUP(N23,$C$2:$J$6,8,FALSE) -> 550 | AJ23: =X23 -> 200 | AL23: 0 | AM23: 0 | AN23: 1 | AO23: 200 | AR23: =IF(R23=2,$A$20,"") -> 200,800,2200,2300 | AT23: =IF(R23=0,"",1) -> 1
A24: 怪物整体HP修正 | N24: 2 | P24: 1010 | Q24: 章鱼[B] | R24: 2 | S24: 3 | T24: boss_10 | W24: =VLOOKUP(N24,$C$2:$M$6,11,FALSE) -> 10001 | X24: =VLOOKUP(N24,$C$2:$G$6,5,FALSE) -> 200 | Y24: 2000 | Z24: =VLOOKUP(N24,$C$2:$G$6,2,FALSE)*1000 -> 2000 | AA24: =VLOOKUP(N24,$C$2:$H$6,6,FALSE) -> 37.5 | AB24: =VLOOKUP(N24,$C$2:$G$6,3,FALSE)*$A$8*(IF(R24<2,1,(MOD(P24,4)+1)/5*$A$17+$A$15))*$A$25 -> 128.304 | AD24: =VLOOKUP(N24,$C$2:$G$6,4,FALSE)*(Y24/1000)*(IF(R24<2,$A$11,$A$13)) -> 4 | AE24: 0 | AF24: boss | AG24: 0.35 | AH24: =VLOOKUP(N24,$C$2:$J$6,7,FALSE) -> 600 | AI24: =VLOOKUP(N24,$C$2:$J$6,8,FALSE) -> 550 | AJ24: =X24 -> 200 | AL24: 0 | AM24: 0 | AN24: 1 | AO24: 200 | AR24: =IF(R24=2,$A$20,"") -> 200,800,2200,2300 | AT24: =IF(R24=0,"",1) -> 1
A25: =1*0.66 -> 0.66 | N25: 3 | P25: 11 | Q25: 女鬼 | R25: 0 | S25: 1 | T25: mon_1 | W25: =VLOOKUP(N25,$C$2:$M$6,11,FALSE) -> 10001 | X25: =VLOOKUP(N25,$C$2:$G$6,5,FALSE) -> 200 | Y25: 2250 | Z25: =VLOOKUP(N25,$C$2:$G$6,2,FALSE)*1000 -> 4000 | AA25: =VLOOKUP(N25,$C$2:$H$6,6,FALSE) -> 15 | AB25: =VLOOKUP(N25,$C$2:$G$6,3,FALSE)*$A$8*(IF(R25<2,1,(MOD(P25,4)+1)/5*$A$17+$A$15))*$A$25 -> 7.128 | AD25: =VLOOKUP(N25,$C$2:$G$6,4,FALSE)*(Y25/1000)*(IF(R25<2,$A$11,$A$13)) -> 0.084375 | AE25: 0 | AF25: mo | AG25: 0.3 | AH25: =VLOOKUP(N25,$C$2:$J$6,7,FALSE) -> 700 | AI25: =VLOOKUP(N25,$C$2:$J$6,8,FALSE) -> 650 | AJ25: =X25 -> 200 | AL25: 0 | AM25: 0 | AN25: 1 | AO25: 100 | AR25: =VLOOKUP(N25,$C$2:$L$6,10,FALSE) -> 0 | AT25: =IF(R25=0,"",1)
N26: 2 | P26: 12 | Q26: 爪子蓝 | R26: 0 | S26: 1 | T26: mon_12 | W26: =VLOOKUP(N26,$C$2:$M$6,11,FALSE) -> 10001 | X26: =VLOOKUP(N26,$C$2:$G$6,5,FALSE) -> 200 | Y26: 2550 | Z26: =VLOOKUP(N26,$C$2:$G$6,2,FALSE)*1000 -> 2000 | AA26: =VLOOKUP(N26,$C$2:$H$6,6,FALSE) -> 37.5 | AB26: =VLOOKUP(N26,$C$2:$G$6,3,FALSE)*$A$8*(IF(R26<2,1,(MOD(P26,4)+1)/5*$A$17+$A$15))*$A$25 -> 3.564 | AD26: =VLOOKUP(N26,$C$2:$G$6,4,FALSE)*(Y26/1000)*(IF(R26<2,$A$11,$A$13)) -> 1.53 | AE26: 0 | AF26: mo | AG26: 0.3 | AH26: =VLOOKUP(N26,$C$2:$J$6,7,FALSE) -> 600 | AI26: =VLOOKUP(N26,$C$2:$J$6,8,FALSE) -> 550 | AJ26: =X26 -> 200 | AL26: 0 | AM26: 0 | AN26: 1 | AO26: 100 | AR26: =VLOOKUP(N26,$C$2:$L$6,10,FALSE) -> 0 | AT26: =IF(R26=0,"",1)
N27: 1 | P27: 13 | Q27: 爪子紫 | R27: 0 | S27: 1 | T27: mon_13 | W27: =VLOOKUP(N27,$C$2:$M$6,11,FALSE) -> 10001 | X27: =VLOOKUP(N27,$C$2:$G$6,5,FALSE) -> 200 | Y27: 2850 | Z27: =VLOOKUP(N27,$C$2:$G$6,2,FALSE)*1000 -> 1000 | AA27: =VLOOKUP(N27,$C$2:$H$6,6,FALSE) -> 37.5 | AB27: =VLOOKUP(N27,$C$2:$G$6,3,FALSE)*$A$8*(IF(R27<2,1,(MOD(P27,4)+1)/5*$A$17+$A$15))*$A$25 -> 1.782 | AD27: =VLOOKUP(N27,$C$2:$G$6,4,FALSE)*(Y27/1000)*(IF(R27<2,$A$11,$A$13)) -> 0.4275 | AE27: 0 | AF27: mo | AG27: 0.3 | AH27: =VLOOKUP(N27,$C$2:$J$6,7,FALSE) -> 500 | AI27: =VLOOKUP(N27,$C$2:$J$6,8,FALSE) -> 400 | AJ27: =X27 -> 200 | AL27: 0 | AM27: 0 | AN27: 1 | AO27: 100 | AR27: =VLOOKUP(N27,$C$2:$L$6,10,FALSE) -> 10013 | AT27: =IF(R27=0,"",1)
N28: 1 | P28: 14 | Q28: 爪子绿 | R28: 0 | S28: 1 | T28: mon_14 | W28: =VLOOKUP(N28,$C$2:$M$6,11,FALSE) -> 10001 | X28: =VLOOKUP(N28,$C$2:$G$6,5,FALSE) -> 200 | Y28: 3150 | Z28: =VLOOKUP(N28,$C$2:$G$6,2,FALSE)*1000 -> 1000 | AA28: =VLOOKUP(N28,$C$2:$H$6,6,FALSE) -> 37.5 | AB28: =VLOOKUP(N28,$C$2:$G$6,3,FALSE)*$A$8*(IF(R28<2,1,(MOD(P28,4)+1)/5*$A$17+$A$15))*$A$25 -> 1.782 | AD28: =VLOOKUP(N28,$C$2:$G$6,4,FALSE)*(Y28/1000)*(IF(R28<2,$A$11,$A$13)) -> 0.4725 | AE28: 0 | AF28: mo | AG28: 0.3 | AH28: =VLOOKUP(N28,$C$2:$J$6,7,FALSE) -> 500 | AI28: =VLOOKUP(N28,$C$2:$J$6,8,FALSE) -> 400 | AJ28: =X28 -> 200 | AL28: 0 | AM28: 0 | AN28: 1 | AO28: 100 | AR28: =VLOOKUP(N28,$C$2:$L$6,10,FALSE) -> 10013 | AT28: =IF(R28=0,"",1)
N29: 3 | P29: 15 | Q29: 青女鬼 | R29: 0 | S29: 1 | T29: mon_6 | W29: =VLOOKUP(N29,$C$2:$M$6,11,FALSE) -> 10001 | X29: =VLOOKUP(N29,$C$2:$G$6,5,FALSE) -> 200 | Y29: 4050 | Z29: =VLOOKUP(N29,$C$2:$G$6,2,FALSE)*1000 -> 4000 | AA29: =VLOOKUP(N29,$C$2:$H$6,6,FALSE) -> 15 | AB29: =VLOOKUP(N29,$C$2:$G$6,3,FALSE)*$A$8*(IF(R29<2,1,(MOD(P29,4)+1)/5*$A$17+$A$15))*$A$25 -> 7.128 | AD29: =VLOOKUP(N29,$C$2:$G$6,4,FALSE)*(Y29/1000)*(IF(R29<2,$A$11,$A$13)) -> 0.151875 | AE29: 0 | AF29: mo | AG29: 0.3 | AH29: =VLOOKUP(N29,$C$2:$J$6,7,FALSE) -> 700 | AI29: =VLOOKUP(N29,$C$2:$J$6,8,FALSE) -> 650 | AJ29: =X29 -> 200 | AL29: 0 | AM29: 0 | AN29: 1 | AO29: 100 | AR29: =VLOOKUP(N29,$C$2:$L$6,10,FALSE) -> 0 | AT29: =IF(R29=0,"",1)
N30: 2 | P30: 16 | Q30: 幽灵紫 | R30: 0 | S30: 1 | T30: mon_16 | W30: =VLOOKUP(N30,$C$2:$M$6,11,FALSE) -> 10001 | X30: =VLOOKUP(N30,$C$2:$G$6,5,FALSE) -> 200 | Y30: 3300 | Z30: =VLOOKUP(N30,$C$2:$G$6,2,FALSE)*1000 -> 2000 | AA30: =VLOOKUP(N30,$C$2:$H$6,6,FALSE) -> 37.5 | AB30: =VLOOKUP(N30,$C$2:$G$6,3,FALSE)*$A$8*(IF(R30<2,1,(MOD(P30,4)+1)/5*$A$17+$A$15))*$A$25 -> 3.564 | AD30: =VLOOKUP(N30,$C$2:$G$6,4,FALSE)*(Y30/1000)*(IF(R30<2,$A$11,$A$13)) -> 1.98 | AE30: 0 | AF30: mo | AG30: 0.25 | AH30: =VLOOKUP(N30,$C$2:$J$6,7,FALSE) -> 600 | AI30: =VLOOKUP(N30,$C$2:$J$6,8,FALSE) -> 550 | AJ30: =X30 -> 200 | AL30: 0 | AM30: 0 | AN30: 1 | AO30: 100 | AR30: =VLOOKUP(N30,$C$2:$L$6,10,FALSE) -> 0 | AT30: =IF(R30=0,"",1)
N31: 2 | P31: 17 | Q31: 幽灵橙 | R31: 0 | S31: 1 | T31: mon_17 | W31: =VLOOKUP(N31,$C$2:$M$6,11,FALSE) -> 10001 | X31: =VLOOKUP(N31,$C$2:$G$6,5,FALSE) -> 200 | Y31: 3150 | Z31: =VLOOKUP(N31,$C$2:$G$6,2,FALSE)*1000 -> 2000 | AA31: =VLOOKUP(N31,$C$2:$H$6,6,FALSE) -> 37.5 | AB31: =VLOOKUP(N31,$C$2:$G$6,3,FALSE)*$A$8*(IF(R31<2,1,(MOD(P31,4)+1)/5*$A$17+$A$15))*$A$25 -> 3.564 | AD31: =VLOOKUP(N31,$C$2:$G$6,4,FALSE)*(Y31/1000)*(IF(R31<2,$A$11,$A$13)) -> 1.89 | AE31: 0 | AF31: mo | AG31: 0.25 | AH31: =VLOOKUP(N31,$C$2:$J$6,7,FALSE) -> 600 | AI31: =VLOOKUP(N31,$C$2:$J$6,8,FALSE) -> 550 | AJ31: =X31 -> 200 | AL31: 0 | AM31: 0 | AN31: 1 | AO31: 100 | AR31: =VLOOKUP(N31,$C$2:$L$6,10,FALSE) -> 0 | AT31: =IF(R31=0,"",1)
N32: 2 | P32: 18 | Q32: 幽灵蓝 | R32: 0 | S32: 1 | T32: mon_18 | W32: =VLOOKUP(N32,$C$2:$M$6,11,FALSE) -> 10001 | X32: =VLOOKUP(N32,$C$2:$G$6,5,FALSE) -> 200 | Y32: 3600 | Z32: =VLOOKUP(N32,$C$2:$G$6,2,FALSE)*1000 -> 2000 | AA32: =VLOOKUP(N32,$C$2:$H$6,6,FALSE) -> 37.5 | AB32: =VLOOKUP(N32,$C$2:$G$6,3,FALSE)*$A$8*(IF(R32<2,1,(MOD(P32,4)+1)/5*$A$17+$A$15))*$A$25 -> 3.564 | AD32: =VLOOKUP(N32,$C$2:$G$6,4,FALSE)*(Y32/1000)*(IF(R32<2,$A$11,$A$13)) -> 2.16 | AE32: 0 | AF32: mo | AG32: 0.25 | AH32: =VLOOKUP(N32,$C$2:$J$6,7,FALSE) -> 600 | AI32: =VLOOKUP(N32,$C$2:$J$6,8,FALSE) -> 550 | AJ32: =X32 -> 200 | AL32: 0 | AM32: 0 | AN32: 1 | AO32: 100 | AR32: =VLOOKUP(N32,$C$2:$L$6,10,FALSE) -> 0 | AT32: =IF(R32=0,"",1)
N33: 2 | P33: 19 | Q33: 小怪19 | R33: 0 | S33: 1 | T33: mon_19 | W33: =VLOOKUP(N33,$C$2:$M$6,11,FALSE) -> 10001 | X33: =VLOOKUP(N33,$C$2:$G$6,5,FALSE) -> 200 | Y33: 3000 | Z33: =VLOOKUP(N33,$C$2:$G$6,2,FALSE)*1000 -> 2000 | AA33: =VLOOKUP(N33,$C$2:$H$6,6,FALSE) -> 37.5 | AB33: =VLOOKUP(N33,$C$2:$G$6,3,FALSE)*$A$8*(IF(R33<2,1,(MOD(P33,4)+1)/5*$A$17+$A$15))*$A$25 -> 3.564 | AD33: =VLOOKUP(N33,$C$2:$G$6,4,FALSE)*(Y33/1000)*(IF(R33<2,$A$11,$A$13)) -> 1.8 | AE33: 0 | AF33: mo | AG33: 0.3 | AH33: =VLOOKUP(N33,$C$2:$J$6,7,FALSE) -> 600 | AI33: =VLOOKUP(N33,$C$2:$J$6,8,FALSE) -> 550 | AJ33: =X33 -> 200 | AL33: 0 | AM33: 0 | AN33: 1 | AO33: 100 | AR33: =VLOOKUP(N33,$C$2:$L$6,10,FALSE) -> 0 | AT33: =IF(R33=0,"",1)
N34: 5 | P34: 20 | Q34: 白无常 | R34: 0 | S34: 1 | T34: mon_20 | W34: =VLOOKUP(N34,$C$2:$M$6,11,FALSE) -> 10002 | X34: =VLOOKUP(N34,$C$2:$G$6,5,FALSE) -> 350 | Y34: 2500 | Z34: =VLOOKUP(N34,$C$2:$G$6,2,FALSE)*1000 -> 4000 | AA34: =VLOOKUP(N34,$C$2:$H$6,6,FALSE) -> 19.5 | AB34: =VLOOKUP(N34,$C$2:$G$6,3,FALSE)*$A$8*(IF(R34<2,1,(MOD(P34,4)+1)/5*$A$17+$A$15))*$A$25 -> 7.128 | AD34: =VLOOKUP(N34,$C$2:$G$6,4,FALSE)*(Y34/1000)*(IF(R34<2,$A$11,$A$13)) -> 0.09375 | AE34: 0 | AF34: mo | AG34: 0.3 | AH34: =VLOOKUP(N34,$C$2:$J$6,7,FALSE) -> 500 | AI34: =VLOOKUP(N34,$C$2:$J$6,8,FALSE) -> 450 | AJ34: =X34 -> 350 | AL34: 0 | AM34: 0 | AN34: 1 | AO34: 100 | AR34: =VLOOKUP(N34,$C$2:$L$6,10,FALSE) -> 0 | AT34: =IF(R34=0,"",1)
N35: 5 | P35: 21 | Q35: 黑无常 | R35: 0 | S35: 1 | T35: mon_21 | W35: =VLOOKUP(N35,$C$2:$M$6,11,FALSE) -> 10002 | X35: =VLOOKUP(N35,$C$2:$G$6,5,FALSE) -> 350 | Y35: 2500 | Z35: =VLOOKUP(N35,$C$2:$G$6,2,FALSE)*1000 -> 4000 | AA35: =VLOOKUP(N35,$C$2:$H$6,6,FALSE) -> 19.5 | AB35: =VLOOKUP(N35,$C$2:$G$6,3,FALSE)*$A$8*(IF(R35<2,1,(MOD(P35,4)+1)/5*$A$17+$A$15))*$A$25 -> 7.128 | AD35: =VLOOKUP(N35,$C$2:$G$6,4,FALSE)*(Y35/1000)*(IF(R35<2,$A$11,$A$13)) -> 0.09375 | AE35: 0 | AF35: mo | AG35: 0.3 | AH35: =VLOOKUP(N35,$C$2:$J$6,7,FALSE) -> 500 | AI35: =VLOOKUP(N35,$C$2:$J$6,8,FALSE) -> 450 | AJ35: =X35 -> 350 | AL35: 0 | AM35: 0 | AN35: 1 | AO35: 100 | AR35: =VLOOKUP(N35,$C$2:$L$6,10,FALSE) -> 0 | AT35: =IF(R35=0,"",1)
N36: 2 | P36: 1011 | Q36: 丧尸狗[B] | R36: 2 | S36: 3 | T36: boss_11 | W36: =VLOOKUP(N36,$C$2:$M$6,11,FALSE) -> 10001 | X36: =VLOOKUP(N36,$C$2:$G$6,5,FALSE) -> 200 | Y36: 2000 | Z36: =VLOOKUP(N36,$C$2:$G$6,2,FALSE)*1000 -> 2000 | AA36: =VLOOKUP(N36,$C$2:$H$6,6,FALSE) -> 37.5 | AB36: =VLOOKUP(N36,$C$2:$G$6,3,FALSE)*$A$8*(IF(R36<2,1,(MOD(P36,4)+1)/5*$A$17+$A$15))*$A$25 -> 135.432 | AD36: =VLOOKUP(N36,$C$2:$G$6,4,FALSE)*(Y36/1000)*(IF(R36<2,$A$11,$A$13)) -> 4 | AE36: 0 | AF36: boss | AG36: 0.35 | AH36: =VLOOKUP(N36,$C$2:$J$6,7,FALSE) -> 600 | AI36: =VLOOKUP(N36,$C$2:$J$6,8,FALSE) -> 550 | AJ36: =X36 -> 200 | AL36: 0 | AM36: 0 | AN36: 1 | AO36: 200 | AR36: =IF(R36=2,$A$20,"") -> 200,800,2200,2300 | AT36: =IF(R36=0,"",1) -> 1
N37: 2 | P37: 1012 | Q37: 爪子蓝[B] | R37: 2 | S37: 3 | T37: boss_12 | W37: =VLOOKUP(N37,$C$2:$M$6,11,FALSE) -> 10001 | X37: =VLOOKUP(N37,$C$2:$G$6,5,FALSE) -> 200 | Y37: 2000 | Z37: =VLOOKUP(N37,$C$2:$G$6,2,FALSE)*1000 -> 2000 | AA37: =VLOOKUP(N37,$C$2:$H$6,6,FALSE) -> 37.5 | AB37: =VLOOKUP(N37,$C$2:$G$6,3,FALSE)*$A$8*(IF(R37<2,1,(MOD(P37,4)+1)/5*$A$17+$A$15))*$A$25 -> 114.048 | AD37: =VLOOKUP(N37,$C$2:$G$6,4,FALSE)*(Y37/1000)*(IF(R37<2,$A$11,$A$13)) -> 4 | AE37: 0 | AF37: boss | AG37: 0.5 | AH37: =VLOOKUP(N37,$C$2:$J$6,7,FALSE) -> 600 | AI37: =VLOOKUP(N37,$C$2:$J$6,8,FALSE) -> 550 | AJ37: =X37 -> 200 | AL37: 0 | AM37: 0 | AN37: 1 | AO37: 200 | AR37: =IF(R37=2,$A$20,"") -> 200,800,2200,2300 | AT37: =IF(R37=0,"",1) -> 1
N38: 2 | P38: 1013 | Q38: 爪子紫[B] | R38: 2 | S38: 3 | T38: boss_13 | W38: =VLOOKUP(N38,$C$2:$M$6,11,FALSE) -> 10001 | X38: =VLOOKUP(N38,$C$2:$G$6,5,FALSE) -> 200 | Y38: 2000 | Z38: =VLOOKUP(N38,$C$2:$G$6,2,FALSE)*1000 -> 2000 | AA38: =VLOOKUP(N38,$C$2:$H$6,6,FALSE) -> 37.5 | AB38: =VLOOKUP(N38,$C$2:$G$6,3,FALSE)*$A$8*(IF(R38<2,1,(MOD(P38,4)+1)/5*$A$17+$A$15))*$A$25 -> 121.176 | AD38: =VLOOKUP(N38,$C$2:$G$6,4,FALSE)*(Y38/1000)*(IF(R38<2,$A$11,$A$13)) -> 4 | AE38: 0 | AF38: boss | AG38: 0.5 | AH38: =VLOOKUP(N38,$C$2:$J$6,7,FALSE) -> 600 | AI38: =VLOOKUP(N38,$C$2:$J$6,8,FALSE) -> 550 | AJ38: =X38 -> 200 | AL38: 0 | AM38: 0 | AN38: 1 | AO38: 200 | AR38: =IF(R38=2,$A$20,"") -> 200,800,2200,2300 | AT38: =IF(R38=0,"",1) -> 1
N39: 2 | P39: 1014 | Q39: 爪子绿[B] | R39: 2 | S39: 3 | T39: boss_14 | W39: =VLOOKUP(N39,$C$2:$M$6,11,FALSE) -> 10001 | X39: =VLOOKUP(N39,$C$2:$G$6,5,FALSE) -> 200 | Y39: 2000 | Z39: =VLOOKUP(N39,$C$2:$G$6,2,FALSE)*1000 -> 2000 | AA39: =VLOOKUP(N39,$C$2:$H$6,6,FALSE) -> 37.5 | AB39: =VLOOKUP(N39,$C$2:$G$6,3,FALSE)*$A$8*(IF(R39<2,1,(MOD(P39,4)+1)/5*$A$17+$A$15))*$A$25 -> 128.304 | AD39: =VLOOKUP(N39,$C$2:$G$6,4,FALSE)*(Y39/1000)*(IF(R39<2,$A$11,$A$13)) -> 4 | AE39: 0 | AF39: boss | AG39: 0.5 | AH39: =VLOOKUP(N39,$C$2:$J$6,7,FALSE) -> 600 | AI39: =VLOOKUP(N39,$C$2:$J$6,8,FALSE) -> 550 | AJ39: =X39 -> 200 | AL39: 0 | AM39: 0 | AN39: 1 | AO39: 200 | AR39: =IF(R39=2,$A$20,"") -> 200,800,2200,2300 | AT39: =IF(R39=0,"",1) -> 1
N40: 2 | P40: 1015 | Q40: 章鱼红[B] | R40: 2 | S40: 3 | T40: boss_15 | W40: =VLOOKUP(N40,$C$2:$M$6,11,FALSE) -> 10001 | X40: =VLOOKUP(N40,$C$2:$G$6,5,FALSE) -> 200 | Y40: 2000 | Z40: =VLOOKUP(N40,$C$2:$G$6,2,FALSE)*1000 -> 2000 | AA40: =VLOOKUP(N40,$C$2:$H$6,6,FALSE) -> 37.5 | AB40: =VLOOKUP(N40,$C$2:$G$6,3,FALSE)*$A$8*(IF(R40<2,1,(MOD(P40,4)+1)/5*$A$17+$A$15))*$A$25 -> 135.432 | AD40: =VLOOKUP(N40,$C$2:$G$6,4,FALSE)*(Y40/1000)*(IF(R40<2,$A$11,$A$13)) -> 4 | AE40: 0 | AF40: boss | AG40: 0.35 | AH40: =VLOOKUP(N40,$C$2:$J$6,7,FALSE) -> 600 | AI40: =VLOOKUP(N40,$C$2:$J$6,8,FALSE) -> 550 | AJ40: =X40 -> 200 | AL40: 0 | AM40: 0 | AN40: 1 | AO40: 200 | AR40: =IF(R40=2,$A$20,"") -> 200,800,2200,2300 | AT40: =IF(R40=0,"",1) -> 1
N41: 2 | P41: 1016 | Q41: 幽灵紫[B] | R41: 2 | S41: 3 | T41: boss_16 | W41: =VLOOKUP(N41,$C$2:$M$6,11,FALSE) -> 10001 | X41: =VLOOKUP(N41,$C$2:$G$6,5,FALSE) -> 200 | Y41: 2000 | Z41: =VLOOKUP(N41,$C$2:$G$6,2,FALSE)*1000 -> 2000 | AA41: =VLOOKUP(N41,$C$2:$H$6,6,FALSE) -> 37.5 | AB41: =VLOOKUP(N41,$C$2:$G$6,3,FALSE)*$A$8*(IF(R41<2,1,(MOD(P41,4)+1)/5*$A$17+$A$15))*$A$25 -> 114.048 | AD41: =VLOOKUP(N41,$C$2:$G$6,4,FALSE)*(Y41/1000)*(IF(R41<2,$A$11,$A$13)) -> 4 | AE41: 0 | AF41: boss | AG41: 0.35 | AH41: =VLOOKUP(N41,$C$2:$J$6,7,FALSE) -> 600 | AI41: =VLOOKUP(N41,$C$2:$J$6,8,FALSE) -> 550 | AJ41: =X41 -> 200 | AL41: 0 | AM41: 0 | AN41: 1 | AO41: 200 | AR41: =IF(R41=2,$A$20,"") -> 200,800,2200,2300 | AT41: =IF(R41=0,"",1) -> 1
N42: 2 | P42: 1017 | Q42: 幽灵橙[B] | R42: 2 | S42: 3 | T42: boss_17 | W42: =VLOOKUP(N42,$C$2:$M$6,11,FALSE) -> 10001 | X42: =VLOOKUP(N42,$C$2:$G$6,5,FALSE) -> 200 | Y42: 2000 | Z42: =VLOOKUP(N42,$C$2:$G$6,2,FALSE)*1000 -> 2000 | AA42: =VLOOKUP(N42,$C$2:$H$6,6,FALSE) -> 37.5 | AB42: =VLOOKUP(N42,$C$2:$G$6,3,FALSE)*$A$8*(IF(R42<2,1,(MOD(P42,4)+1)/5*$A$17+$A$15))*$A$25 -> 121.176 | AD42: =VLOOKUP(N42,$C$2:$G$6,4,FALSE)*(Y42/1000)*(IF(R42<2,$A$11,$A$13)) -> 4 | AE42: 0 | AF42: boss | AG42: 0.35 | AH42: =VLOOKUP(N42,$C$2:$J$6,7,FALSE) -> 600 | AI42: =VLOOKUP(N42,$C$2:$J$6,8,FALSE) -> 550 | AJ42: =X42 -> 200 | AL42: 0 | AM42: 0 | AN42: 1 | AO42: 200 | AR42: =IF(R42=2,$A$20,"") -> 200,800,2200,2300 | AT42: =IF(R42=0,"",1) -> 1
N43: 2 | P43: 1018 | Q43: 幽灵蓝[B] | R43: 2 | S43: 3 | T43: boss_18 | W43: =VLOOKUP(N43,$C$2:$M$6,11,FALSE) -> 10001 | X43: =VLOOKUP(N43,$C$2:$G$6,5,FALSE) -> 200 | Y43: 2000 | Z43: =VLOOKUP(N43,$C$2:$G$6,2,FALSE)*1000 -> 2000 | AA43: =VLOOKUP(N43,$C$2:$H$6,6,FALSE) -> 37.5 | AB43: =VLOOKUP(N43,$C$2:$G$6,3,FALSE)*$A$8*(IF(R43<2,1,(MOD(P43,4)+1)/5*$A$17+$A$15))*$A$25 -> 128.304 | AD43: =VLOOKUP(N43,$C$2:$G$6,4,FALSE)*(Y43/1000)*(IF(R43<2,$A$11,$A$13)) -> 4 | AE43: 0 | AF43: boss | AG43: 0.35 | AH43: =VLOOKUP(N43,$C$2:$J$6,7,FALSE) -> 600 | AI43: =VLOOKUP(N43,$C$2:$J$6,8,FALSE) -> 550 | AJ43: =X43 -> 200 | AL43: 0 | AM43: 0 | AN43: 1 | AO43: 200 | AR43: =IF(R43=2,$A$20,"") -> 200,800,2200,2300 | AT43: =IF(R43=0,"",1) -> 1
N44: 2 | P44: 1019 | Q44: 小怪19[B] | R44: 2 | S44: 3 | T44: boss_19 | W44: =VLOOKUP(N44,$C$2:$M$6,11,FALSE) -> 10001 | X44: =VLOOKUP(N44,$C$2:$G$6,5,FALSE) -> 200 | Y44: 2000 | Z44: =VLOOKUP(N44,$C$2:$G$6,2,FALSE)*1000 -> 2000 | AA44: =VLOOKUP(N44,$C$2:$H$6,6,FALSE) -> 37.5 | AB44: =VLOOKUP(N44,$C$2:$G$6,3,FALSE)*$A$8*(IF(R44<2,1,(MOD(P44,4)+1)/5*$A$17+$A$15))*$A$25 -> 135.432 | AD44: =VLOOKUP(N44,$C$2:$G$6,4,FALSE)*(Y44/1000)*(IF(R44<2,$A$11,$A$13)) -> 4 | AE44: 0 | AF44: boss | AG44: 0.35 | AH44: =VLOOKUP(N44,$C$2:$J$6,7,FALSE) -> 600 | AI44: =VLOOKUP(N44,$C$2:$J$6,8,FALSE) -> 550 | AJ44: =X44 -> 200 | AL44: 0 | AM44: 0 | AN44: 1 | AO44: 200 | AR44: =IF(R44=2,$A$20,"") -> 200,800,2200,2300 | AT44: =IF(R44=0,"",1) -> 1
N45: 2 | P45: 1020 | Q45: 白无常[B] | R45: 2 | S45: 3 | T45: boss_20 | W45: =VLOOKUP(N45,$C$2:$M$6,11,FALSE) -> 10001 | X45: =VLOOKUP(N45,$C$2:$G$6,5,FALSE) -> 200 | Y45: 2000 | Z45: =VLOOKUP(N45,$C$2:$G$6,2,FALSE)*1000 -> 2000 | AA45: =VLOOKUP(N45,$C$2:$H$6,6,FALSE) -> 37.5 | AB45: =VLOOKUP(N45,$C$2:$G$6,3,FALSE)*$A$8*(IF(R45<2,1,(MOD(P45,4)+1)/5*$A$17+$A$15))*$A$25 -> 114.048 | AD45: =VLOOKUP(N45,$C$2:$G$6,4,FALSE)*(Y45/1000)*(IF(R45<2,$A$11,$A$13)) -> 4 | AE45: 0 | AF45: boss | AG45: 0.35 | AH45: =VLOOKUP(N45,$C$2:$J$6,7,FALSE) -> 600 | AI45: =VLOOKUP(N45,$C$2:$J$6,8,FALSE) -> 550 | AJ45: =X45 -> 200 | AL45: 0 | AM45: 0 | AN45: 1 | AO45: 200 | AR45: =IF(R45=2,$A$20,"") -> 200,800,2200,2300 | AT45: =IF(R45=0,"",1) -> 1
N46: 2 | P46: 1021 | Q46: 黑无常[B] | R46: 2 | S46: 3 | T46: boss_21 | W46: =VLOOKUP(N46,$C$2:$M$6,11,FALSE) -> 10001 | X46: =VLOOKUP(N46,$C$2:$G$6,5,FALSE) -> 200 | Y46: 2000 | Z46: =VLOOKUP(N46,$C$2:$G$6,2,FALSE)*1000 -> 2000 | AA46: =VLOOKUP(N46,$C$2:$H$6,6,FALSE) -> 37.5 | AB46: =VLOOKUP(N46,$C$2:$G$6,3,FALSE)*$A$8*(IF(R46<2,1,(MOD(P46,4)+1)/5*$A$17+$A$15))*$A$25 -> 121.176 | AD46: =VLOOKUP(N46,$C$2:$G$6,4,FALSE)*(Y46/1000)*(IF(R46<2,$A$11,$A$13)) -> 4 | AE46: 0 | AF46: boss | AG46: 0.35 | AH46: =VLOOKUP(N46,$C$2:$J$6,7,FALSE) -> 600 | AI46: =VLOOKUP(N46,$C$2:$J$6,8,FALSE) -> 550 | AJ46: =X46 -> 200 | AL46: 0 | AM46: 0 | AN46: 1 | AO46: 200 | AR46: =IF(R46=2,$A$20,"") -> 200,800,2200,2300 | AT46: =IF(R46=0,"",1) -> 1
N47: 2 | P47: 22 | Q47: 蓝衣女鬼 | R47: 0 | S47: 1 | T47: ="mon_"&P47 -> mon_22 | W47: =VLOOKUP(N47,$C$2:$M$6,11,FALSE) -> 10001 | X47: =VLOOKUP(N47,$C$2:$G$6,5,FALSE) -> 200 | Y47: 4050 | Z47: =VLOOKUP(N47,$C$2:$G$6,2,FALSE)*1000 -> 2000 | AA47: =VLOOKUP(N47,$C$2:$H$6,6,FALSE) -> 37.5 | AB47: =VLOOKUP(N47,$C$2:$G$6,3,FALSE)*$A$8*(IF(R47<2,1,(MOD(P47,4)+1)/5*$A$17+$A$15))*$A$25 -> 3.564 | AD47: =VLOOKUP(N47,$C$2:$G$6,4,FALSE)*(Y47/1000)*(IF(R47<2,$A$11,$A$13)) -> 2.43 | AE47: 0 | AF47: mo | AG47: 0.3 | AH47: =VLOOKUP(N47,$C$2:$J$6,7,FALSE) -> 600 | AI47: =VLOOKUP(N47,$C$2:$J$6,8,FALSE) -> 550 | AJ47: =X47 -> 200 | AL47: 0 | AM47: 0 | AN47: 1 | AO47: 100 | AR47: =VLOOKUP(N47,$C$2:$L$6,10,FALSE) -> 0 | AT47: =IF(R47=0,"",1)
N48: 2 | P48: 23 | Q48: 蜘蛛2 | R48: 0 | S48: 1 | T48: ="mon_"&P48 -> mon_23 | W48: =VLOOKUP(N48,$C$2:$M$6,11,FALSE) -> 10001 | X48: =VLOOKUP(N48,$C$2:$G$6,5,FALSE) -> 200 | AH48: =VLOOKUP(N48,$C$2:$J$6,7,FALSE) -> 600 | AI48: =VLOOKUP(N48,$C$2:$J$6,8,FALSE) -> 550 | AJ48: =X48 -> 200 | AL48: 0 | AM48: 0 | AR48: =VLOOKUP(N48,$C$2:$L$6,10,FALSE) -> 0 | AT48: =IF(R48=0,"",1)
N49: 3 | P49: 24 | Q49: 蜘蛛3 | R49: 0 | S49: 1 | T49: ="mon_"&P49 -> mon_24 | W49: =VLOOKUP(N49,$C$2:$M$6,11,FALSE) -> 10001 | X49: =VLOOKUP(N49,$C$2:$G$6,5,FALSE) -> 200 | AH49: =VLOOKUP(N49,$C$2:$J$6,7,FALSE) -> 700 | AI49: =VLOOKUP(N49,$C$2:$J$6,8,FALSE) -> 650 | AJ49: =X49 -> 200 | AL49: 0 | AM49: 0 | AR49: =VLOOKUP(N49,$C$2:$L$6,10,FALSE) -> 0 | AT49: =IF(R49=0,"",1)
N50: 1 | P50: 25 | Q50: 蜘蛛4 | R50: 0 | S50: 1 | T50: ="mon_"&P50 -> mon_25 | W50: =VLOOKUP(N50,$C$2:$M$6,11,FALSE) -> 10001 | X50: =VLOOKUP(N50,$C$2:$G$6,5,FALSE) -> 200 | AH50: =VLOOKUP(N50,$C$2:$J$6,7,FALSE) -> 500 | AI50: =VLOOKUP(N50,$C$2:$J$6,8,FALSE) -> 400 | AJ50: =X50 -> 200 | AL50: 0 | AM50: 0 | AR50: =VLOOKUP(N50,$C$2:$L$6,10,FALSE) -> 10013 | AT50: =IF(R50=0,"",1)
N51: 2 | P51: 26 | Q51: 蜘蛛5 | R51: 0 | S51: 1 | T51: ="mon_"&P51 -> mon_26 | W51: =VLOOKUP(N51,$C$2:$M$6,11,FALSE) -> 10001 | X51: =VLOOKUP(N51,$C$2:$G$6,5,FALSE) -> 200 | AH51: =VLOOKUP(N51,$C$2:$J$6,7,FALSE) -> 600 | AI51: =VLOOKUP(N51,$C$2:$J$6,8,FALSE) -> 550 | AJ51: =X51 -> 200 | AL51: 0 | AM51: 0 | AR51: =VLOOKUP(N51,$C$2:$L$6,10,FALSE) -> 0 | AT51: =IF(R51=0,"",1)
N52: 3 | P52: 27 | Q52: 蜘蛛6 | R52: 0 | S52: 1 | T52: ="mon_"&P52 -> mon_27 | W52: =VLOOKUP(N52,$C$2:$M$6,11,FALSE) -> 10001 | X52: =VLOOKUP(N52,$C$2:$G$6,5,FALSE) -> 200 | AH52: =VLOOKUP(N52,$C$2:$J$6,7,FALSE) -> 700 | AI52: =VLOOKUP(N52,$C$2:$J$6,8,FALSE) -> 650 | AJ52: =X52 -> 200 | AL52: 0 | AM52: 0 | AR52: =VLOOKUP(N52,$C$2:$L$6,10,FALSE) -> 0 | AT52: =IF(R52=0,"",1)
N53: 2 | P53: 1022 | Q53: =Q47&"[B]" -> 蓝衣女鬼[B] | R53: 2 | S53: 3 | T53: boss_22 | W53: =VLOOKUP(N53,$C$2:$M$6,11,FALSE) -> 10001 | X53: =VLOOKUP(N53,$C$2:$G$6,5,FALSE) -> 200 | Y53: 2000 | Z53: =VLOOKUP(N53,$C$2:$G$6,2,FALSE)*1000 -> 2000 | AA53: =VLOOKUP(N53,$C$2:$H$6,6,FALSE) -> 37.5 | AB53: =VLOOKUP(N53,$C$2:$G$6,3,FALSE)*$A$8*(IF(R53<2,1,(MOD(P53,4)+1)/5*$A$17+$A$15))*$A$25 -> 128.304 | AD53: =VLOOKUP(N53,$C$2:$G$6,4,FALSE)*(Y53/1000)*(IF(R53<2,$A$11,$A$13)) -> 4 | AE53: 0 | AF53: boss | AG53: 0.35 | AH53: =VLOOKUP(N53,$C$2:$J$6,7,FALSE) -> 600 | AI53: =VLOOKUP(N53,$C$2:$J$6,8,FALSE) -> 550 | AJ53: =X53 -> 200 | AL53: 0 | AM53: 0 | AN53: 1 | AO53: 200 | AR53: =IF(R53=2,$A$20,"") -> 200,800,2200,2300 | AT53: =IF(R53=0,"",1) -> 1
N54: 2 | P54: 1023 | Q54: =Q48&"[B]" -> 蜘蛛2[B] | R54: 2 | S54: 3 | T54: ="boss_"&P54 -> boss_1023 | W54: =VLOOKUP(N54,$C$2:$M$6,11,FALSE) -> 10001 | X54: =VLOOKUP(N54,$C$2:$G$6,5,FALSE) -> 200 | AH54: =VLOOKUP(N54,$C$2:$J$6,7,FALSE) -> 600 | AI54: =VLOOKUP(N54,$C$2:$J$6,8,FALSE) -> 550 | AJ54: =X54 -> 200 | AL54: 0 | AM54: 0 | AR54: =IF(R54=2,$A$20,"") -> 200,800,2200,2300 | AT54: =IF(R54=0,"",1) -> 1
N55: 2 | P55: 1024 | Q55: =Q49&"[B]" -> 蜘蛛3[B] | R55: 2 | S55: 3 | T55: ="boss_"&P55 -> boss_1024 | W55: =VLOOKUP(N55,$C$2:$M$6,11,FALSE) -> 10001 | X55: =VLOOKUP(N55,$C$2:$G$6,5,FALSE) -> 200 | AH55: =VLOOKUP(N55,$C$2:$J$6,7,FALSE) -> 600 | AI55: =VLOOKUP(N55,$C$2:$J$6,8,FALSE) -> 550 | AJ55: =X55 -> 200 | AL55: 0 | AM55: 0 | AR55: =IF(R55=2,$A$20,"") -> 200,800,2200,2300 | AT55: =IF(R55=0,"",1) -> 1
N56: 2 | P56: 1025 | Q56: =Q50&"[B]" -> 蜘蛛4[B] | R56: 2 | S56: 3 | T56: ="boss_"&P56 -> boss_1025 | W56: =VLOOKUP(N56,$C$2:$M$6,11,FALSE) -> 10001 | X56: =VLOOKUP(N56,$C$2:$G$6,5,FALSE) -> 200 | AH56: =VLOOKUP(N56,$C$2:$J$6,7,FALSE) -> 600 | AI56: =VLOOKUP(N56,$C$2:$J$6,8,FALSE) -> 550 | AJ56: =X56 -> 200 | AL56: 0 | AM56: 0 | AR56: =IF(R56=2,$A$20,"") -> 200,800,2200,2300 | AT56: =IF(R56=0,"",1) -> 1
N57: 2 | P57: 1026 | Q57: =Q51&"[B]" -> 蜘蛛5[B] | R57: 2 | S57: 3 | T57: ="boss_"&P57 -> boss_1026 | W57: =VLOOKUP(N57,$C$2:$M$6,11,FALSE) -> 10001 | X57: =VLOOKUP(N57,$C$2:$G$6,5,FALSE) -> 200 | AH57: =VLOOKUP(N57,$C$2:$J$6,7,FALSE) -> 600 | AI57: =VLOOKUP(N57,$C$2:$J$6,8,FALSE) -> 550 | AJ57: =X57 -> 200 | AL57: 0 | AM57: 0 | AR57: =IF(R57=2,$A$20,"") -> 200,800,2200,2300 | AT57: =IF(R57=0,"",1) -> 1
N58: 2 | P58: 1027 | Q58: =Q52&"[B]" -> 蜘蛛6[B] | R58: 2 | S58: 3 | T58: ="boss_"&P58 -> boss_1027 | W58: =VLOOKUP(N58,$C$2:$M$6,11,FALSE) -> 10001 | X58: =VLOOKUP(N58,$C$2:$G$6,5,FALSE) -> 200 | AH58: =VLOOKUP(N58,$C$2:$J$6,7,FALSE) -> 600 | AI58: =VLOOKUP(N58,$C$2:$J$6,8,FALSE) -> 550 | AJ58: =X58 -> 200 | AL58: 0 | AM58: 0 | AR58: =IF(R58=2,$A$20,"") -> 200,800,2200,2300 | AT58: =IF(R58=0,"",1) -> 1
N59: 2 | P59: 2022 | Q59: =Q47&"[E]" -> 蓝衣女鬼[E] | R59: 1 | S59: 2 | T59: ="mon_"&P59 -> mon_2022 | W59: =VLOOKUP(N59,$C$2:$M$6,11,FALSE) -> 10001 | X59: =VLOOKUP(N59,$C$2:$G$6,5,FALSE) -> 200 | Y59: 2000 | Z59: =VLOOKUP(N59,$C$2:$G$6,2,FALSE)*1000 -> 2000 | AA59: =VLOOKUP(N59,$C$2:$H$6,6,FALSE) -> 37.5 | AB59: =VLOOKUP(N59,$C$2:$G$6,3,FALSE)*$A$8*(IF(R59<2,1,(MOD(P59,4)+1)/5*$A$17+$A$15))*$A$23*$A$25 -> 1.782 | AD59: =VLOOKUP(N59,$C$2:$G$6,4,FALSE)*(Y59/1000)*(IF(R59<2,$A$11,$A$13)) -> 1.2 | AE59: 0 | AF59: boss | AG59: 0.35 | AH59: =VLOOKUP(N59,$C$2:$J$6,7,FALSE) -> 600 | AI59: =VLOOKUP(N59,$C$2:$J$6,8,FALSE) -> 550 | AJ59: =X59 -> 200 | AL59: 0 | AM59: 0 | AN59: 1 | AO59: 200 | AR59: =IF(R59=2,$A$20,"") | AT59: =IF(R59=0,"",1) -> 1
N60: 2 | P60: 2023 | Q60: =Q48&"[E]" -> 蜘蛛2[E] | R60: 1 | S60: 2 | T60: ="mon_"&P60 -> mon_2023 | W60: =VLOOKUP(N60,$C$2:$M$6,11,FALSE) -> 10001 | X60: =VLOOKUP(N60,$C$2:$G$6,5,FALSE) -> 200 | AH60: =VLOOKUP(N60,$C$2:$J$6,7,FALSE) -> 600 | AI60: =VLOOKUP(N60,$C$2:$J$6,8,FALSE) -> 550 | AJ60: =X60 -> 200 | AL60: 0 | AM60: 0 | AR60: =IF(R60=2,$A$20,"") | AT60: =IF(R60=0,"",1) -> 1
N61: 2 | P61: 2024 | Q61: =Q49&"[E]" -> 蜘蛛3[E] | R61: 1 | S61: 2 | T61: ="mon_"&P61 -> mon_2024 | W61: =VLOOKUP(N61,$C$2:$M$6,11,FALSE) -> 10001 | X61: =VLOOKUP(N61,$C$2:$G$6,5,FALSE) -> 200 | AH61: =VLOOKUP(N61,$C$2:$J$6,7,FALSE) -> 600 | AI61: =VLOOKUP(N61,$C$2:$J$6,8,FALSE) -> 550 | AJ61: =X61 -> 200 | AL61: 0 | AM61: 0 | AR61: =IF(R61=2,$A$20,"") | AT61: =IF(R61=0,"",1) -> 1
N62: 2 | P62: 2025 | Q62: =Q50&"[E]" -> 蜘蛛4[E] | R62: 1 | S62: 2 | T62: ="mon_"&P62 -> mon_2025 | W62: =VLOOKUP(N62,$C$2:$M$6,11,FALSE) -> 10001 | X62: =VLOOKUP(N62,$C$2:$G$6,5,FALSE) -> 200 | AH62: =VLOOKUP(N62,$C$2:$J$6,7,FALSE) -> 600 | AI62: =VLOOKUP(N62,$C$2:$J$6,8,FALSE) -> 550 | AJ62: =X62 -> 200 | AL62: 0 | AM62: 0 | AR62: =IF(R62=2,$A$20,"") | AT62: =IF(R62=0,"",1) -> 1
N63: 2 | P63: 2026 | Q63: =Q51&"[E]" -> 蜘蛛5[E] | R63: 1 | S63: 2 | T63: ="mon_"&P63 -> mon_2026 | W63: =VLOOKUP(N63,$C$2:$M$6,11,FALSE) -> 10001 | X63: =VLOOKUP(N63,$C$2:$G$6,5,FALSE) -> 200 | AH63: =VLOOKUP(N63,$C$2:$J$6,7,FALSE) -> 600 | AI63: =VLOOKUP(N63,$C$2:$J$6,8,FALSE) -> 550 | AJ63: =X63 -> 200 | AL63: 0 | AM63: 0 | AR63: =IF(R63=2,$A$20,"") | AT63: =IF(R63=0,"",1) -> 1
N64: 2 | P64: 2027 | Q64: =Q52&"[E]" -> 蜘蛛6[E] | R64: 1 | S64: 2 | T64: ="mon_"&P64 -> mon_2027 | W64: =VLOOKUP(N64,$C$2:$M$6,11,FALSE) -> 10001 | X64: =VLOOKUP(N64,$C$2:$G$6,5,FALSE) -> 200 | AH64: =VLOOKUP(N64,$C$2:$J$6,7,FALSE) -> 600 | AI64: =VLOOKUP(N64,$C$2:$J$6,8,FALSE) -> 550 | AJ64: =X64 -> 200 | AL64: 0 | AM64: 0 | AR64: =IF(R64=2,$A$20,"") | AT64: =IF(R64=0,"",1) -> 1
N65: 2 | P65: 28 | Q65: 白蝴蝶1阶段 | R65: 0 | S65: 1 | T65: mon_28 | W65: 19001 | X65: 100 | Y65: 3000 | Z65: 1000 | AA65: 100 | AB65: 5 | AD65: 1 | AE65: 0 | AF65: mo | AG65: 0.35 | AH65: 500 | AI65: 600 | AJ65: 100 | AK65: 50 | AL65: 1 | AM65: 0 | AN65: 2 | AR65: =IF(R65=2,$A$20,"") | AT65: =IF(R65=0,"",1)
N66: 2 | P66: 29 | Q66: 绿鬼火1阶段 | R66: 0 | S66: 1 | T66: mon_3 | W66: 19001 | X66: 100 | Y66: 3000 | Z66: 1000 | AA66: 130 | AB66: 3 | AD66: 1 | AE66: 0 | AF66: mo | AG66: 0.35 | AH66: 500 | AI66: 600 | AJ66: 100 | AK66: 50 | AL66: 1 | AM66: 0 | AN66: 2 | AR66: =IF(R66=2,$A$20,"") | AT66: =IF(R66=0,"",1)
N67: 2 | P67: 30 | Q67: 红蝴蝶2阶段 | R67: 0 | S67: 1 | T67: mon_29 | W67: 19001 | X67: 100 | Y67: 3000 | Z67: 1000 | AA67: 100 | AB67: 10 | AD67: 2 | AE67: 0 | AF67: mo | AG67: 0.35 | AH67: 500 | AI67: 600 | AJ67: 100 | AK67: 50 | AL67: 1 | AM67: 0 | AN67: 2 | AR67: =IF(R67=2,$A$20,"") | AT67: =IF(R67=0,"",1)
N68: 2 | P68: 31 | Q68: 黑无常2阶段 | R68: 0 | S68: 1 | T68: mon_21 | W68: 19001 | X68: 100 | Y68: 3000 | Z68: 1000 | AA68: 130 | AB68: 7 | AD68: 2 | AE68: 0 | AF68: mo | AG68: 0.35 | AH68: 500 | AI68: 600 | AJ68: 100 | AK68: 50 | AL68: 1 | AM68: 0 | AN68: 2 | AR68: =IF(R68=2,$A$20,"") | AT68: =IF(R68=0,"",1)
N69: 2 | P69: 32 | Q69: 冰蝶3阶段 | R69: 0 | S69: 1 | T69: mon_30 | W69: 19001 | X69: 100 | Y69: 3000 | Z69: 1000 | AA69: 100 | AB69: 20 | AD69: 3 | AE69: 0 | AF69: mo | AG69: 0.35 | AH69: 500 | AI69: 600 | AJ69: 100 | AK69: 50 | AL69: 1 | AM69: 0 | AN69: 2 | AR69: =IF(R69=2,$A$20,"") | AT69: =IF(R69=0,"",1)
N70: 2 | P70: 33 | Q70: 白无常3阶段 | R70: 0 | S70: 1 | T70: mon_20 | W70: 19001 | X70: 100 | Y70: 3000 | Z70: 1000 | AA70: 130 | AB70: 15 | AD70: 3 | AE70: 0 | AF70: mo | AG70: 0.35 | AH70: 500 | AI70: 600 | AJ70: 100 | AK70: 50 | AL70: 1 | AM70: 0 | AN70: 2 | AR70: =IF(R70=2,$A$20,"") | AT70: =IF(R70=0,"",1)
N71: 2 | P71: 34 | Q71: 白蝴蝶4阶段 | R71: 0 | S71: 1 | T71: mon_28 | W71: 19001 | X71: 100 | Y71: 3000 | Z71: 1000 | AA71: 100 | AB71: 40 | AD71: 4 | AE71: 0 | AF71: mo | AG71: 0.35 | AH71: 500 | AI71: 600 | AJ71: 100 | AK71: 50 | AL71: 1 | AM71: 0 | AN71: 2 | AR71: =IF(R71=2,$A$20,"") | AT71: =IF(R71=0,"",1)
N72: 2 | P72: 35 | Q72: 红蝴蝶4阶段 | R72: 0 | S72: 1 | T72: mon_29 | W72: 19001 | X72: 100 | Y72: 3000 | Z72: 1000 | AA72: 100 | AB72: 40 | AD72: 4 | AE72: 0 | AF72: mo | AG72: 0.35 | AH72: 500 | AI72: 600 | AJ72: 100 | AK72: 50 | AL72: 1 | AM72: 0 | AN72: 2 | AR72: =IF(R72=2,$A$20,"") | AT72: =IF(R72=0,"",1)
N73: 2 | P73: 36 | Q73: 冰蝴蝶4阶段 | R73: 0 | S73: 1 | T73: mon_30 | W73: 19001 | X73: 100 | Y73: 3000 | Z73: 1000 | AA73: 100 | AB73: 40 | AD73: 4 | AE73: 0 | AF73: mo | AG73: 0.35 | AH73: 500 | AI73: 600 | AJ73: 100 | AK73: 50 | AL73: 1 | AM73: 0 | AN73: 2 | AR73: =IF(R73=2,$A$20,"") | AT73: =IF(R73=0,"",1)
N74: 2 | P74: 37 | Q74: 黑无常4阶段 | R74: 0 | S74: 1 | T74: mon_21 | W74: 19001 | X74: 100 | Y74: 3000 | Z74: 1000 | AA74: 100 | AB74: 40 | AD74: 4 | AE74: 0 | AF74: mo | AG74: 0.35 | AH74: 500 | AI74: 600 | AJ74: 100 | AK74: 50 | AL74: 1 | AM74: 0 | AN74: 2 | AR74: =IF(R74=2,$A$20,"") | AT74: =IF(R74=0,"",1)
N75: 2 | P75: 38 | Q75: 白无常4阶段 | R75: 0 | S75: 1 | T75: mon_20 | W75: 19001 | X75: 100 | Y75: 3000 | Z75: 1000 | AA75: 100 | AB75: 40 | AD75: 4 | AE75: 0 | AF75: mo | AG75: 0.35 | AH75: 500 | AI75: 600 | AJ75: 100 | AK75: 50 | AL75: 1 | AM75: 0 | AN75: 2 | AR75: =IF(R75=2,$A$20,"") | AT75: =IF(R75=0,"",1)
P76: 10001 | Q76: 世界BOSS-1阶段新娘 | R76: 2 | S76: 3 | T76: ex_10001 | X76: 2000 | Y76: 3000 | Z76: 1000 | AA76: 0 | AD76: 1 | AE76: 0 | AF76: boss | AG76: 0.2 | AH76: 500 | AI76: 600 | AJ76: =X76 -> 2000 | AL76: 0 | AM76: 0 | AR76: =IF(R76=2,$A$20,"") -> 200,800,2200,2300 | AT76: =IF(R76=0,"",1) -> 1
P77: 10002 | Q77: 世界BOSS-2阶段新娘 | R77: 2 | S77: 3 | T77: ex_10002 | X77: 2000 | Y77: 3000 | Z77: 1000 | AA77: 0 | AD77: 1 | AE77: 0 | AF77: boss | AG77: 0.2 | AH77: 500 | AI77: 600 | AJ77: =X77 -> 2000 | AL77: 0 | AM77: 0 | AR77: =IF(R77=2,$A$20,"") -> 200,800,2200,2300 | AT77: =IF(R77=0,"",1) -> 1
P78: 10003 | Q78: 世界BOSS-3阶段新娘 | R78: 2 | S78: 3 | T78: ex_10003 | X78: 2000 | Y78: 3000 | Z78: 1000 | AA78: 0 | AD78: 1 | AE78: 0 | AF78: boss | AG78: 0.2 | AH78: 500 | AI78: 600 | AJ78: =X78 -> 2000 | AL78: 0 | AM78: 0 | AR78: =IF(R78=2,$A$20,"") -> 200,800,2200,2300 | AT78: =IF(R78=0,"",1) -> 1
P79: 10004 | Q79: 世界BOSS-4阶段新娘 | R79: 2 | S79: 3 | T79: ex_10004 | X79: 2000 | Y79: 3000 | Z79: 1000 | AA79: 0 | AD79: 1 | AE79: 0 | AF79: boss | AG79: 0.2 | AH79: 500 | AI79: 600 | AJ79: =X79 -> 2000 | AL79: 0 | AM79: 0 | AR79: =IF(R79=2,$A$20,"") -> 200,800,2200,2300 | AT79: =IF(R79=0,"",1) -> 1
P80: 10005 | Q80: 邪魔1号 | R80: 2 | S80: 3 | T80: boss_3 | W80: 10012 | X80: 2000 | Y80: 5000 | Z80: 1000 | AA80: 100 | AB80: 100 | AD80: 1 | AE80: 1 | AF80: boss | AG80: 0.35 | AH80: 500 | AI80: 600 | AJ80: =X80 -> 2000 | AL80: 0 | AM80: 0
P81: 10006 | Q81: [专用]第2关1波精英 | R81: 1 | S81: 2 | T81: mon_7 | W81: 10002 | X81: 9999 | Y81: 3000 | Z81: 4000 | AA81: 40 | AB81: 10 | AD81: 0.3 | AE81: 0 | AF81: mo | AG81: 0.35 | AH81: 500 | AI81: 450 | AJ81: 350 | AL81: 0 | AM81: 0 | AN81: 5 | AO81: 100 | AR81: 0 | AT81: 1
P82: 20001 | Q82: 技能用-女娲石（1重） | R82: 0 | S82: 1 | T82: ex_20001 | W82: 2206 | X82: 9999 | Y82: 200 | Z82: 200 | AA82: 0 | AB82: 3 | AD82: 1 | AE82: 0 | AG82: 0.2 | AH82: 500 | AI82: 600 | AJ82: =X82 -> 9999 | AL82: 0 | AM82: 0 | AR82: =IF(R82=2,$A$20,"") | AS82: 2208 | AT82: =IF(R82=0,"",1)
P83: 20002 | Q83: 技能用-女娲石（5重） | R83: 0 | S83: 1 | T83: ex_20002 | W83: 2206 | X83: 9999 | Y83: 200 | Z83: 200 | AA83: 0 | AB83: 6 | AD83: 1 | AE83: 0 | AG83: 0.2 | AH83: 500 | AI83: 600 | AJ83: =X83 -> 9999 | AL83: 0 | AM83: 0 | AR83: =IF(R83=2,$A$20,"") | AS83: 2208 | AT83: =IF(R83=0,"",1)
P84: 20003 | Q84: 技能用-女娲石（3重） | R84: 0 | S84: 1 | T84: ex_20003 | W84: 2206 | X84: 9999 | Y84: 200 | Z84: 200 | AA84: 0 | AB84: 9 | AD84: 1 | AE84: 0 | AG84: 0.2 | AH84: 500 | AI84: 600 | AJ84: =X84 -> 9999 | AL84: 0 | AM84: 0 | AR84: =IF(R84=2,$A$20,"") | AS84: 2208 | AT84: =IF(R84=0,"",1)
P85: 20004 | Q85: 技能用-女娲石（4重） | R85: 0 | S85: 1 | T85: ex_20004 | W85: 2206 | X85: 9999 | Y85: 200 | Z85: 200 | AA85: 0 | AB85: 12 | AD85: 1 | AE85: 0 | AG85: 0.2 | AH85: 500 | AI85: 600 | AJ85: =X85 -> 9999 | AL85: 0 | AM85: 0 | AR85: =IF(R85=2,$A$20,"") | AS85: 2208 | AT85: =IF(R85=0,"",1)
P86: 20005 | Q86: 技能用-女娲石（5重） | R86: 0 | S86: 1 | T86: ex_20005 | W86: 2206 | X86: 9999 | Y86: 200 | Z86: 200 | AA86: 0 | AB86: 15 | AD86: 1 | AE86: 0 | AG86: 0.2 | AH86: 500 | AI86: 600 | AJ86: =X86 -> 9999 | AL86: 0 | AM86: 0 | AP86: 1,2207,3,2207 | AR86: =IF(R86=2,$A$20,"") | AS86: 2208 | AT86: =IF(R86=0,"",1)
P87: 20006 | Q87: 技能用-焚天功 | R87: 0 | S87: 1 | T87: ex_20006 | U87: -1 | W87: 2701 | X87: 9999 | Y87: 200 | Z87: 200 | AA87: 0 | AB87: 3 | AD87: 1 | AE87: 0 | AG87: 1 | AH87: 500 | AI87: 600 | AJ87: =X87 -> 9999 | AL87: 0 | AM87: 0 | AR87: =IF(R87=2,$A$20,"") | AT87: =IF(R87=0,"",1)
P88: 20007 | Q88: 技能用-焚天功（5重） | R88: 0 | S88: 1 | T88: ex_20007 | U88: -1 | W88: 2705 | X88: 9999 | Y88: 200 | Z88: 200 | AA88: 0 | AB88: 3 | AD88: 1 | AE88: 0 | AG88: 1 | AH88: 500 | AI88: 600 | AJ88: =X88 -> 9999 | AL88: 0 | AM88: 0 | AR88: =IF(R88=2,$A$20,"") | AT88: =IF(R88=0,"",1)
P89: 20008 | Q89: 技能用-焚天功（5重V2） | R89: 0 | S89: 1 | T89: ex_20008 | U89: -1 | W89: 2705 | X89: 9999 | Y89: 200 | Z89: 200 | AA89: 0 | AB89: 3 | AD89: 1 | AE89: 0 | AG89: 1 | AH89: 500 | AI89: 600 | AJ89: =X89 -> 9999 | AL89: 0 | AM89: 0 | AP89: 1,2704,3,2704 | AR89: =IF(R89=2,$A$20,"") | AT89: =IF(R89=0,"",1)
P90: 20009 | Q90: 技能用-焚天功（5重V3） | R90: 0 | S90: 1 | T90: ex_20008 | U90: -1 | W90: 2705 | X90: 9999 | Y90: 200 | Z90: 200 | AA90: 0 | AB90: 3 | AD90: 1 | AE90: 0 | AG90: 1 | AH90: 500 | AI90: 600 | AJ90: =X90 -> 9999 | AL90: 0 | AM90: 0 | AP90: 1,2704,1,2702,3,2704,3,2702 | AR90: =IF(R90=2,$A$20,"") | AT90: =IF(R90=0,"",1)

Sheet 天赋|talent
A1: 攻击加成，最高为 | C1: 攻击加成汇总 | P1: 等级 | Q1: 生命加成 | R1: 升级消耗 | S1: 攻击加成 | T1: 升级消耗 | U1: 护盾提高 | V1: 升级消耗 | W1: 突破消耗 | X1: 突破层级的名字 | Y1: 突破层级等级
A2: ='M1'!J5*100 -> 220 | B2: % | C2: =SUM(S6:S124) -> 0 | D2: % | P2: int | Q2: double | R2: int[] | S2: double[] | T2: int[] | U2: double | V2: int[] | W2: int[] | X2: string | Y2: int
P3: lv | Q3: hp | R3: costHp | S3: atk | T3: costAtk | U3: sp | V3: costSp | W3: costBreak | X3: breakName | Y3: breakLv
A4: HP加成，最高为 | C4: HP加成汇总 | F4: =SUM(F6:H255) -> 12572.1 | L4: =SUM(L6:L117) -> 40500 | P4: server/client | Q4: server/client | R4: server/client | S4: server/client | T4: server/client | U4: server/client | V4: server/client | W4: server/client | X4: server/client | Y4: server/client | AH4: 生命总加成
A5: ='M1'!I14*100 -> 1500 | C5: =SUM(Q6:Q117) -> 1432 | F5: 消耗权重1 | G5: 消耗权重2 | H5: 消耗权重3 | I5: 升级消耗1 | J5: 升级消耗2 | K5: 升级消耗3 | L5: 属性权重 | M5: 攻击加成方式 | N5: 攻击加成百分比 | P5: 0 | X5: 锻体境 | Y5: 0 | AH5: =Q5 -> 0
E6: 升级总消耗 | F6: 4 | G6: =F6*1.1 -> 4.4 | H6: =F6*0.95 -> 3.8 | I6: =INT($A$17*(F6/$F$4)) -> 159 | J6: =INT($A$17*(G6/$F$4)) -> 174 | K6: =INT($A$17*(H6/$F$4)) -> 151 | L6: 100 | M6: 0 | N6: =INT($A$2/$L$4*L6*10)/10 -> 0.5 | P6: 1 | Q6: =INT($A$5/$L$4*L6*1)/1 -> 3 | R6: ="2,"&INT(I6/100)*100 -> 2,100 | S6: =M6&","&IF(M6=1,N6,ROUNDUP(N6*$A$23,0)) -> 0,2 | T6: ="2,"&INT(J6/100)*100 -> 2,100 | U6: =INT($A$8/$L$4*L6*1)/1 -> 3 | V6: ="2,"&INT(K6/100)*100 -> 2,100 | Y6: 0 | AH6: =Q6+AH5 -> 3
A7: HP加成，最高为 | C7: HP加成汇总 | E7: =I6+J6+K6 -> 484 | F7: 6.5 | G7: =F7*1.1 -> 7.15 | H7: =F7*0.95 -> 6.175 | I7: =INT($A$17*(F7/$F$4)) -> 258 | J7: =INT($A$17*(G7/$F$4)) -> 284 | K7: =INT($A$17*(H7/$F$4)) -> 245 | L7: 100 | M7: 0 | N7: =INT($A$2/$L$4*L7*10)/10 -> 0.5 | P7: 2 | Q7: =INT($A$5/$L$4*L7*1)/1 -> 3 | R7: ="2,"&INT(I7/100)*100 -> 2,200 | S7: =M7&","&IF(M7=1,N7,ROUNDUP(N7*$A$23,0)) -> 0,2 | T7: ="2,"&INT(J7/100)*100 -> 2,200 | U7: =INT($A$8/$L$4*L7*1)/1 -> 3 | V7: ="2,"&INT(K7/100)*100 -> 2,200 | Y7: 0 | AH7: =Q7+AH6 -> 6
A8: ='M1'!I16*100 -> 1600 | C8: =SUM(U6:U121) -> 1570 | E8: =I7+J7+K7+E7 -> 1271 | F8: 7 | G8: =F8*1.1 -> 7.7 | H8: =F8*0.95 -> 6.65 | I8: =INT($A$17*(F8/$F$4)) -> 278 | J8: =INT($A$17*(G8/$F$4)) -> 306 | K8: =INT($A$17*(H8/$F$4)) -> 264 | L8: 100 | M8: 0 | N8: =INT($A$2/$L$4*L8*10)/10 -> 0.5 | P8: 3 | Q8: =INT($A$5/$L$4*L8*1)/1 -> 3 | R8: ="2,"&INT(I8/100)*100 -> 2,200 | S8: =M8&","&IF(M8=1,N8,ROUNDUP(N8*$A$23,0)) -> 0,2 | T8: ="2,"&INT(J8/100)*100 -> 2,300 | U8: =INT($A$8/$L$4*L8*1)/1 -> 3 | V8: ="2,"&INT(K8/100)*100 -> 2,200 | Y8: 0 | AH8: =Q8+AH7 -> 9
E9: =I8+J8+K8+E8 -> 2119 | F9: 7.5 | G9: =F9*1.1 -> 8.25 | H9: =F9*0.95 -> 7.125 | I9: =INT($A$17*(F9/$F$4)) -> 298 | J9: =INT($A$17*(G9/$F$4)) -> 328 | K9: =INT($A$17*(H9/$F$4)) -> 283 | L9: 700 | M9: 1 | N9: =INT($A$2/$L$4*L9*10)/10 -> 3.8 | P9: 4 | Q9: =INT($A$5/$L$4*L9*1)/1 -> 25 | R9: ="2,"&INT(I9/100)*100 -> 2,200 | S9: =M9&","&IF(M9=1,N9,ROUNDUP(N9*$A$23,0)) -> 1,3.8 | T9: ="2,"&INT(J9/100)*100 -> 2,300 | U9: =INT($A$8/$L$4*L9*1)/1 -> 27 | V9: ="2,"&INT(K9/100)*100 -> 2,200 | Y9: 0 | AH9: =Q9+AH8 -> 34
E10: =I9+J9+K9+E9 -> 3028 | F10: 8 | G10: =F10*1.1 -> 8.8 | H10: =F10*0.95 -> 7.6 | I10: =INT($A$17*(F10/$F$4)) -> 318 | J10: =INT($A$17*(G10/$F$4)) -> 349 | K10: =INT($A$17*(H10/$F$4)) -> 302 | L10: =L6+10 -> 110 | M10: =M6 -> 0 | N10: =INT($A$2/$L$4*L10*10)/10 -> 0.5 | P10: 5 | Q10: =INT($A$5/$L$4*L10*1)/1 -> 4 | R10: ="2,"&INT(I10/100)*100 -> 2,300 | S10: =M10&","&IF(M10=1,N10,ROUNDUP(N10*$A$23,0)) -> 0,2 | T10: ="2,"&INT(J10/100)*100 -> 2,300 | U10: =INT($A$8/$L$4*L10*1)/1 -> 4 | V10: ="2,"&INT(K10/100)*100 -> 2,300 | Y10: 0 | AH10: =Q10+AH9 -> 38
E11: =I10+J10+K10+E10 -> 3997 | F11: 8.5 | G11: =F11*1.1 -> 9.35 | H11: =F11*0.95 -> 8.075 | I11: =INT($A$17*(F11/$F$4)) -> 338 | J11: =INT($A$17*(G11/$F$4)) -> 371 | K11: =INT($A$17*(H11/$F$4)) -> 321 | L11: =L7+10 -> 110 | M11: =M7 -> 0 | N11: =INT($A$2/$L$4*L11*10)/10 -> 0.5 | P11: 6 | Q11: =INT($A$5/$L$4*L11*1)/1 -> 4 | R11: ="2,"&INT(I11/100)*100 -> 2,300 | S11: =M11&","&IF(M11=1,N11,ROUNDUP(N11*$A$23,0)) -> 0,2 | T11: ="2,"&INT(J11/100)*100 -> 2,300 | U11: =INT($A$8/$L$4*L11*1)/1 -> 4 | V11: ="2,"&INT(K11/100)*100 -> 2,300 | Y11: 0 | AH11: =Q11+AH10 -> 42
E12: =I11+J11+K11+E11 -> 5027 | F12: 9 | G12: =F12*1.1 -> 9.9 | H12: =F12*0.95 -> 8.55 | I12: =INT($A$17*(F12/$F$4)) -> 357 | J12: =INT($A$17*(G12/$F$4)) -> 393 | K12: =INT($A$17*(H12/$F$4)) -> 340 | L12: =L8+10 -> 110 | M12: =M8 -> 0 | N12: =INT($A$2/$L$4*L12*10)/10 -> 0.5 | P12: 7 | Q12: =INT($A$5/$L$4*L12*1)/1 -> 4 | R12: ="2,"&INT(I12/100)*100 -> 2,300 | S12: =M12&","&IF(M12=1,N12,ROUNDUP(N12*$A$23,0)) -> 0,2 | T12: ="2,"&INT(J12/100)*100 -> 2,300 | U12: =INT($A$8/$L$4*L12*1)/1 -> 4 | V12: ="2,"&INT(K12/100)*100 -> 2,300 | Y12: 0 | AH12: =Q12+AH11 -> 46
A13: 天赋灵石计划 | E13: =I12+J12+K12+E12 -> 6117 | F13: 9.5 | G13: =F13*1.1 -> 10.45 | H13: =F13*0.95 -> 9.025 | I13: =INT($A$17*(F13/$F$4)) -> 377 | J13: =INT($A$17*(G13/$F$4)) -> 415 | K13: =INT($A$17*(H13/$F$4)) -> 358 | L13: =L9+70 -> 770 | M13: =M9 -> 1 | N13: =INT($A$2/$L$4*L13*10)/10 -> 4.1 | P13: 8 | Q13: =INT($A$5/$L$4*L13*1)/1 -> 28 | R13: ="2,"&INT(I13/100)*100 -> 2,300 | S13: =M13&","&IF(M13=1,N13,ROUNDUP(N13*$A$23,0)) -> 1,4.1 | T13: ="2,"&INT(J13/100)*100 -> 2,400 | U13: =INT($A$8/$L$4*L13*1)/1 -> 30 | V13: ="2,"&INT(K13/100)*100 -> 2,300 | Y13: 0 | AH13: =Q13+AH12 -> 74
A14: ='M1'!O14 -> 1345625 | E14: =I13+J13+K13+E13 -> 7267 | F14: 10 | G14: =F14*1.1 -> 11 | H14: =F14*0.95 -> 9.5 | I14: =INT($A$17*(F14/$F$4)) -> 397 | J14: =INT($A$17*(G14/$F$4)) -> 437 | K14: =INT($A$17*(H14/$F$4)) -> 377 | L14: =L10+10 -> 120 | M14: =M10 -> 0 | N14: =INT($A$2/$L$4*L14*10)/10 -> 0.6 | P14: 9 | Q14: =INT($A$5/$L$4*L14*1)/1 -> 4 | R14: ="2,"&INT(I14/100)*100 -> 2,300 | S14: =M14&","&IF(M14=1,N14,ROUNDUP(N14*$A$23,0)) -> 0,2 | T14: ="2,"&INT(J14/100)*100 -> 2,400 | U14: =INT($A$8/$L$4*L14*1)/1 -> 4 | V14: ="2,"&INT(K14/100)*100 -> 2,300 | Y14: 0 | AH14: =Q14+AH13 -> 78
E15: =I14+J14+K14+E14 -> 8478 | F15: 10 | G15: =F15*1.1 -> 11 | H15: =F15*0.95 -> 9.5 | I15: =INT($A$17*(F15/$F$4)) -> 397 | J15: =INT($A$17*(G15/$F$4)) -> 437 | K15: =INT($A$17*(H15/$F$4)) -> 377 | L15: =L11+10 -> 120 | M15: =M11 -> 0 | N15: =INT($A$2/$L$4*L15*10)/10 -> 0.6 | P15: 10 | Q15: =INT($A$5/$L$4*L15*1)/1 -> 4 | R15: ="2,"&INT(I15/100)*100 -> 2,300 | S15: =M15&","&IF(M15=1,N15,ROUNDUP(N15*$A$23,0)) -> 0,2 | T15: ="2,"&INT(J15/100)*100 -> 2,400 | U15: =INT($A$8/$L$4*L15*1)/1 -> 4 | V15: ="2,"&INT(K15/100)*100 -> 2,300 | Y15: 0 | AH15: =Q15+AH14 -> 82
A16: 手填灵石消耗 | E16: =I15+J15+K15+E15 -> 9689 | F16: 15 | G16: =F16*1.1 -> 16.5 | H16: =F16*0.95 -> 14.25 | I16: =INT($A$17*(F16/$F$4)) -> 596 | J16: =INT($A$17*(G16/$F$4)) -> 656 | K16: =INT($A$17*(H16/$F$4)) -> 566 | L16: =L12+10 -> 120 | M16: =M12 -> 0 | N16: =INT($A$2/$L$4*L16*10)/10 -> 0.6 | P16: 11 | Q16: =INT($A$5/$L$4*L16*1)/1 -> 4 | R16: ="2,"&INT(I16/100)*100 -> 2,500 | S16: =M16&","&IF(M16=1,N16,ROUNDUP(N16*$A$23,0)) -> 0,2 | T16: ="2,"&INT(J16/100)*100 -> 2,600 | U16: =INT($A$8/$L$4*L16*1)/1 -> 4 | V16: ="2,"&INT(K16/100)*100 -> 2,500 | Y16: 0 | AH16: =Q16+AH15 -> 86
A17: 500000 | E17: =I16+J16+K16+E16 -> 11507 | F17: 15 | G17: =F17*1.1 -> 16.5 | H17: =F17*0.95 -> 14.25 | I17: =INT($A$17*(F17/$F$4)) -> 596 | J17: =INT($A$17*(G17/$F$4)) -> 656 | K17: =INT($A$17*(H17/$F$4)) -> 566 | L17: =L13+70 -> 840 | M17: =M13 -> 1 | N17: =INT($A$2/$L$4*L17*10)/10 -> 4.5 | P17: 12 | Q17: =INT($A$5/$L$4*L17*1)/1 -> 31 | R17: ="2,"&INT(I17/100)*100 -> 2,500 | S17: =M17&","&IF(M17=1,N17,ROUNDUP(N17*$A$23,0)) -> 1,4.5 | T17: ="2,"&INT(J17/100)*100 -> 2,600 | U17: =INT($A$8/$L$4*L17*1)/1 -> 33 | V17: ="2,"&INT(K17/100)*100 -> 2,500 | Y17: 0 | AH17: =Q17+AH16 -> 117
E18: =I17+J17+K17+E17 -> 13325 | F18: 20 | G18: =F18*1.1 -> 22 | H18: =F18*0.95 -> 19 | I18: =INT($A$17*(F18/$F$4)) -> 795 | J18: =INT($A$17*(G18/$F$4)) -> 874 | K18: =INT($A$17*(H18/$F$4)) -> 755 | L18: =L14+10 -> 130 | M18: =M14 -> 0 | N18: =INT($A$2/$L$4*L18*10)/10 -> 0.7 | P18: 13 | Q18: =INT($A$5/$L$4*L18*1)/1 -> 4 | R18: ="2,"&INT(I18/100)*100 -> 2,700 | S18: =M18&","&IF(M18=1,N18,ROUNDUP(N18*$A$23,0)) -> 0,3 | T18: ="2,"&INT(J18/100)*100 -> 2,800 | U18: =INT($A$8/$L$4*L18*1)/1 -> 5 | V18: ="2,"&INT(K18/100)*100 -> 2,700 | Y18: 0 | AH18: =Q18+AH17 -> 121
E19: =I18+J18+K18+E18 -> 15749 | F19: 20 | G19: =F19*1.1 -> 22 | H19: =F19*0.95 -> 19 | I19: =INT($A$17*(F19/$F$4)) -> 795 | J19: =INT($A$17*(G19/$F$4)) -> 874 | K19: =INT($A$17*(H19/$F$4)) -> 755 | L19: =L15+10 -> 130 | M19: =M15 -> 0 | N19: =INT($A$2/$L$4*L19*10)/10 -> 0.7 | P19: 14 | Q19: =INT($A$5/$L$4*L19*1)/1 -> 4 | R19: ="2,"&INT(I19/100)*100 -> 2,700 | S19: =M19&","&IF(M19=1,N19,ROUNDUP(N19*$A$23,0)) -> 0,3 | T19: ="2,"&INT(J19/100)*100 -> 2,800 | U19: =INT($A$8/$L$4*L19*1)/1 -> 5 | V19: ="2,"&INT(K19/100)*100 -> 2,700 | Y19: 0 | AH19: =Q19+AH18 -> 125
A20: 基准DPS | E20: =I19+J19+K19+E19 -> 18173 | F20: 20 | G20: =F20*1.1 -> 22 | H20: =F20*0.95 -> 19 | I20: =INT($A$17*(F20/$F$4)) -> 795 | J20: =INT($A$17*(G20/$F$4)) -> 874 | K20: =INT($A$17*(H20/$F$4)) -> 755 | L20: =L16+10 -> 130 | M20: =M16 -> 0 | N20: =INT($A$2/$L$4*L20*10)/10 -> 0.7 | P20: 15 | Q20: =INT($A$5/$L$4*L20*1)/1 -> 4 | R20: ="2,"&INT(I20/100)*100 -> 2,700 | S20: =M20&","&IF(M20=1,N20,ROUNDUP(N20*$A$23,0)) -> 0,3 | T20: ="2,"&INT(J20/100)*100 -> 2,800 | U20: =INT($A$8/$L$4*L20*1)/1 -> 5 | V20: ="2,"&INT(K20/100)*100 -> 2,700 | Y20: 0 | AH20: =Q20+AH19 -> 129
A21: ='M1'!B8 -> 10 | E21: =I20+J20+K20+E20 -> 20597 | F21: 20 | G21: =F21*1.1 -> 22 | H21: =F21*0.95 -> 19 | I21: =INT($A$17*(F21/$F$4)) -> 795 | J21: =INT($A$17*(G21/$F$4)) -> 874 | K21: =INT($A$17*(H21/$F$4)) -> 755 | L21: =L17+70 -> 910 | M21: =M17 -> 1 | N21: =INT($A$2/$L$4*L21*10)/10 -> 4.9 | P21: 16 | Q21: =INT($A$5/$L$4*L21*1)/1 -> 33 | R21: ="2,"&INT(I21/100)*100 -> 2,700 | S21: =M21&","&IF(M21=1,N21,ROUNDUP(N21*$A$23,0)) -> 1,4.9 | T21: ="2,"&INT(J21/100)*100 -> 2,800 | U21: =INT($A$8/$L$4*L21*1)/1 -> 35 | V21: ="2,"&INT(K21/100)*100 -> 2,700 | Y21: 0 | AH21: =Q21+AH20 -> 162
A22: 1点攻对多少百分比 | E22: =I21+J21+K21+E21 -> 23021 | F22: 20 | G22: =F22*1.1 -> 22 | H22: =F22*0.95 -> 19 | I22: =INT($A$17*(F22/$F$4)) -> 795 | J22: =INT($A$17*(G22/$F$4)) -> 874 | K22: =INT($A$17*(H22/$F$4)) -> 755 | L22: =L18+10 -> 140 | M22: =M18 -> 0 | N22: =INT($A$2/$L$4*L22*10)/10 -> 0.7 | P22: 17 | Q22: =INT($A$5/$L$4*L22*1)/1 -> 5 | R22: ="2,"&INT(I22/100)*100 -> 2,700 | S22: =M22&","&IF(M22=1,N22,ROUNDUP(N22*$A$23,0)) -> 0,3 | T22: ="2,"&INT(J22/100)*100 -> 2,800 | U22: =INT($A$8/$L$4*L22*1)/1 -> 5 | V22: ="2,"&INT(K22/100)*100 -> 2,700 | Y22: 0 | AH22: =Q22+AH21 -> 167
A23: 3 | E23: =I22+J22+K22+E22 -> 25445 | F23: 20 | G23: =F23*1.1 -> 22 | H23: =F23*0.95 -> 19 | I23: =INT($A$17*(F23/$F$4)) -> 795 | J23: =INT($A$17*(G23/$F$4)) -> 874 | K23: =INT($A$17*(H23/$F$4)) -> 755 | L23: =L19+10 -> 140 | M23: =M19 -> 0 | N23: =INT($A$2/$L$4*L23*10)/10 -> 0.7 | P23: 18 | Q23: =INT($A$5/$L$4*L23*1)/1 -> 5 | R23: ="2,"&INT(I23/100)*100 -> 2,700 | S23: =M23&","&IF(M23=1,N23,ROUNDUP(N23*$A$23,0)) -> 0,3 | T23: ="2,"&INT(J23/100)*100 -> 2,800 | U23: =INT($A$8/$L$4*L23*1)/1 -> 5 | V23: ="2,"&INT(K23/100)*100 -> 2,700 | Y23: 0 | AH23: =Q23+AH22 -> 172
E24: =I23+J23+K23+E23 -> 27869 | F24: 20 | G24: =F24*1.1 -> 22 | H24: =F24*0.95 -> 19 | I24: =INT($A$17*(F24/$F$4)) -> 795 | J24: =INT($A$17*(G24/$F$4)) -> 874 | K24: =INT($A$17*(H24/$F$4)) -> 755 | L24: =L20+10 -> 140 | M24: =M20 -> 0 | N24: =INT($A$2/$L$4*L24*10)/10 -> 0.7 | P24: 19 | Q24: =INT($A$5/$L$4*L24*1)/1 -> 5 | R24: ="2,"&INT(I24/100)*100 -> 2,700 | S24: =M24&","&IF(M24=1,N24,ROUNDUP(N24*$A$23,0)) -> 0,3 | T24: ="2,"&INT(J24/100)*100 -> 2,800 | U24: =INT($A$8/$L$4*L24*1)/1 -> 5 | V24: ="2,"&INT(K24/100)*100 -> 2,700 | Y24: 0 | AH24: =Q24+AH23 -> 177
E25: =I24+J24+K24+E24 -> 30293 | F25: 20 | G25: =F25*1.1 -> 22 | H25: =F25*0.95 -> 19 | I25: =INT($A$17*(F25/$F$4)) -> 795 | J25: =INT($A$17*(G25/$F$4)) -> 874 | K25: =INT($A$17*(H25/$F$4)) -> 755 | L25: =L21+70 -> 980 | M25: =M21 -> 1 | N25: =INT($A$2/$L$4*L25*10)/10 -> 5.3 | P25: 20 | Q25: =INT($A$5/$L$4*L25*1)/1 -> 36 | R25: ="2,"&INT(I25/100)*100 -> 2,700 | S25: =M25&","&IF(M25=1,N25,ROUNDUP(N25*$A$23,0)) -> 1,5.3 | T25: ="2,"&INT(J25/100)*100 -> 2,800 | U25: =INT($A$8/$L$4*L25*1)/1 -> 38 | V25: ="2,"&INT(K25/100)*100 -> 2,700 | W25: 169,10 | X25: 练气境 | Y25: 0 | AH25: =Q25+AH24 -> 213
E26: =I25+J25+K25+E25 -> 32717 | F26: 20.2 | G26: =F26*1.1 -> 22.22 | H26: =F26*0.95 -> 19.19 | I26: =INT($A$17*(F26/$F$4)) -> 803 | J26: =INT($A$17*(G26/$F$4)) -> 883 | K26: =INT($A$17*(H26/$F$4)) -> 763 | L26: =L22+10 -> 150 | M26: =M22 -> 0 | N26: =INT($A$2/$L$4*L26*10)/10 -> 0.8 | P26: 21 | Q26: =INT($A$5/$L$4*L26*1)/1 -> 5 | R26: ="2,"&INT(I26/100)*100 -> 2,800 | S26: =M26&","&IF(M26=1,N26,ROUNDUP(N26*$A$23,0)) -> 0,3 | T26: ="2,"&INT(J26/100)*100 -> 2,800 | U26: =INT($A$8/$L$4*L26*1)/1 -> 5 | V26: ="2,"&INT(K26/100)*100 -> 2,700 | Y26: 1 | AH26: =Q26+AH25 -> 218
E27: =I26+J26+K26+E26 -> 35166 | F27: 20.4 | G27: =F27*1.1 -> 22.44 | H27: =F27*0.95 -> 19.38 | I27: =INT($A$17*(F27/$F$4)) -> 811 | J27: =INT($A$17*(G27/$F$4)) -> 892 | K27: =INT($A$17*(H27/$F$4)) -> 770 | L27: =L23+10 -> 150 | M27: =M23 -> 0 | N27: =INT($A$2/$L$4*L27*10)/10 -> 0.8 | P27: 22 | Q27: =INT($A$5/$L$4*L27*1)/1 -> 5 | R27: ="2,"&INT(I27/100)*100 -> 2,800 | S27: =M27&","&IF(M27=1,N27,ROUNDUP(N27*$A$23,0)) -> 0,3 | T27: ="2,"&INT(J27/100)*100 -> 2,800 | U27: =INT($A$8/$L$4*L27*1)/1 -> 5 | V27: ="2,"&INT(K27/100)*100 -> 2,700 | Y27: 1 | AH27: =Q27+AH26 -> 223
E28: =I27+J27+K27+E27 -> 37639 | F28: 20.6 | G28: =F28*1.1 -> 22.66 | H28: =F28*0.95 -> 19.57 | I28: =INT($A$17*(F28/$F$4)) -> 819 | J28: =INT($A$17*(G28/$F$4)) -> 901 | K28: =INT($A$17*(H28/$F$4)) -> 778 | L28: =L24+10 -> 150 | M28: =M24 -> 0 | N28: =INT($A$2/$L$4*L28*10)/10 -> 0.8 | P28: 23 | Q28: =INT($A$5/$L$4*L28*1)/1 -> 5 | R28: ="2,"&INT(I28/100)*100 -> 2,800 | S28: =M28&","&IF(M28=1,N28,ROUNDUP(N28*$A$23,0)) -> 0,3 | T28: ="2,"&INT(J28/100)*100 -> 2,900 | U28: =INT($A$8/$L$4*L28*1)/1 -> 5 | V28: ="2,"&INT(K28/100)*100 -> 2,700 | Y28: 1 | AH28: =Q28+AH27 -> 228
E29: =I28+J28+K28+E28 -> 40137 | F29: 20.8 | G29: =F29*1.1 -> 22.88 | H29: =F29*0.95 -> 19.76 | I29: =INT($A$17*(F29/$F$4)) -> 827 | J29: =INT($A$17*(G29/$F$4)) -> 909 | K29: =INT($A$17*(H29/$F$4)) -> 785 | L29: =L25+70 -> 1050 | M29: =M25 -> 1 | N29: =INT($A$2/$L$4*L29*10)/10 -> 5.7 | P29: 24 | Q29: =INT($A$5/$L$4*L29*1)/1 -> 38 | R29: ="2,"&INT(I29/100)*100 -> 2,800 | S29: =M29&","&IF(M29=1,N29,ROUNDUP(N29*$A$23,0)) -> 1,5.7 | T29: ="2,"&INT(J29/100)*100 -> 2,900 | U29: =INT($A$8/$L$4*L29*1)/1 -> 41 | V29: ="2,"&INT(K29/100)*100 -> 2,700 | Y29: 1 | AH29: =Q29+AH28 -> 266
E30: =I29+J29+K29+E29 -> 42658 | F30: 21 | G30: =F30*1.1 -> 23.1 | H30: =F30*0.95 -> 19.95 | I30: =INT($A$17*(F30/$F$4)) -> 835 | J30: =INT($A$17*(G30/$F$4)) -> 918 | K30: =INT($A$17*(H30/$F$4)) -> 793 | L30: =L26 -> 150 | M30: =M26 -> 0 | N30: =INT($A$2/$L$4*L30*10)/10 -> 0.8 | P30: 25 | Q30: =INT($A$5/$L$4*L30*1)/1 -> 5 | R30: ="2,"&INT(I30/100)*100 -> 2,800 | S30: =M30&","&IF(M30=1,N30,ROUNDUP(N30*$A$23,0)) -> 0,3 | T30: ="2,"&INT(J30/100)*100 -> 2,900 | U30: =INT($A$8/$L$4*L30*1)/1 -> 5 | V30: ="2,"&INT(K30/100)*100 -> 2,700 | Y30: 1 | AH30: =Q30+AH29 -> 271
E31: =I30+J30+K30+E30 -> 45204 | F31: 21.2 | G31: =F31*1.1 -> 23.32 | H31: =F31*0.95 -> 20.14 | I31: =INT($A$17*(F31/$F$4)) -> 843 | J31: =INT($A$17*(G31/$F$4)) -> 927 | K31: =INT($A$17*(H31/$F$4)) -> 800 | L31: =L27 -> 150 | M31: =M27 -> 0 | N31: =INT($A$2/$L$4*L31*10)/10 -> 0.8 | P31: 26 | Q31: =INT($A$5/$L$4*L31*1)/1 -> 5 | R31: ="2,"&INT(I31/100)*100 -> 2,800 | S31: =M31&","&IF(M31=1,N31,ROUNDUP(N31*$A$23,0)) -> 0,3 | T31: ="2,"&INT(J31/100)*100 -> 2,900 | U31: =INT($A$8/$L$4*L31*1)/1 -> 5 | V31: ="2,"&INT(K31/100)*100 -> 2,800 | Y31: 1 | AH31: =Q31+AH30 -> 276
E32: =I31+J31+K31+E31 -> 47774 | F32: 21.4 | G32: =F32*1.1 -> 23.54 | H32: =F32*0.95 -> 20.33 | I32: =INT($A$17*(F32/$F$4)) -> 851 | J32: =INT($A$17*(G32/$F$4)) -> 936 | K32: =INT($A$17*(H32/$F$4)) -> 808 | L32: =L28 -> 150 | M32: =M28 -> 0 | N32: =INT($A$2/$L$4*L32*10)/10 -> 0.8 | P32: 27 | Q32: =INT($A$5/$L$4*L32*1)/1 -> 5 | R32: ="2,"&INT(I32/100)*100 -> 2,800 | S32: =M32&","&IF(M32=1,N32,ROUNDUP(N32*$A$23,0)) -> 0,3 | T32: ="2,"&INT(J32/100)*100 -> 2,900 | U32: =INT($A$8/$L$4*L32*1)/1 -> 5 | V32: ="2,"&INT(K32/100)*100 -> 2,800 | Y32: 1 | AH32: =Q32+AH31 -> 281
E33: =I32+J32+K32+E32 -> 50369 | F33: 21.6 | G33: =F33*1.1 -> 23.76 | H33: =F33*0.95 -> 20.52 | I33: =INT($A$17*(F33/$F$4)) -> 859 | J33: =INT($A$17*(G33/$F$4)) -> 944 | K33: =INT($A$17*(H33/$F$4)) -> 816 | L33: =L29 -> 1050 | M33: =M29 -> 1 | N33: =INT($A$2/$L$4*L33*10)/10 -> 5.7 | P33: 28 | Q33: =INT($A$5/$L$4*L33*1)/1 -> 38 | R33: ="2,"&INT(I33/100)*100 -> 2,800 | S33: =M33&","&IF(M33=1,N33,ROUNDUP(N33*$A$23,0)) -> 1,5.7 | T33: ="2,"&INT(J33/100)*100 -> 2,900 | U33: =INT($A$8/$L$4*L33*1)/1 -> 41 | V33: ="2,"&INT(K33/100)*100 -> 2,800 | Y33: 1 | AH33: =Q33+AH32 -> 319
E34: =I33+J33+K33+E33 -> 52988 | F34: 21.8 | G34: =F34*1.1 -> 23.98 | H34: =F34*0.95 -> 20.71 | I34: =INT($A$17*(F34/$F$4)) -> 866 | J34: =INT($A$17*(G34/$F$4)) -> 953 | K34: =INT($A$17*(H34/$F$4)) -> 823 | L34: =L30 -> 150 | M34: =M30 -> 0 | N34: =INT($A$2/$L$4*L34*10)/10 -> 0.8 | P34: 29 | Q34: =INT($A$5/$L$4*L34*1)/1 -> 5 | R34: ="2,"&INT(I34/100)*100 -> 2,800 | S34: =M34&","&IF(M34=1,N34,ROUNDUP(N34*$A$23,0)) -> 0,3 | T34: ="2,"&INT(J34/100)*100 -> 2,900 | U34: =INT($A$8/$L$4*L34*1)/1 -> 5 | V34: ="2,"&INT(K34/100)*100 -> 2,800 | Y34: 1 | AH34: =Q34+AH33 -> 324
E35: =I34+J34+K34+E34 -> 55630 | F35: 22 | G35: =F35*1.1 -> 24.2 | H35: =F35*0.95 -> 20.9 | I35: =INT($A$17*(F35/$F$4)) -> 874 | J35: =INT($A$17*(G35/$F$4)) -> 962 | K35: =INT($A$17*(H35/$F$4)) -> 831 | L35: =L31 -> 150 | M35: =M31 -> 0 | N35: =INT($A$2/$L$4*L35*10)/10 -> 0.8 | P35: 30 | Q35: =INT($A$5/$L$4*L35*1)/1 -> 5 | R35: ="2,"&INT(I35/100)*100 -> 2,800 | S35: =M35&","&IF(M35=1,N35,ROUNDUP(N35*$A$23,0)) -> 0,3 | T35: ="2,"&INT(J35/100)*100 -> 2,900 | U35: =INT($A$8/$L$4*L35*1)/1 -> 5 | V35: ="2,"&INT(K35/100)*100 -> 2,800 | Y35: 1 | AH35: =Q35+AH34 -> 329
E36: =I35+J35+K35+E35 -> 58297 | F36: 22.2 | G36: =F36*1.1 -> 24.42 | H36: =F36*0.95 -> 21.09 | I36: =INT($A$17*(F36/$F$4)) -> 882 | J36: =INT($A$17*(G36/$F$4)) -> 971 | K36: =INT($A$17*(H36/$F$4)) -> 838 | L36: =L32 -> 150 | M36: =M32 -> 0 | N36: =INT($A$2/$L$4*L36*10)/10 -> 0.8 | P36: 31 | Q36: =INT($A$5/$L$4*L36*1)/1 -> 5 | R36: ="2,"&INT(I36/100)*100 -> 2,800 | S36: =M36&","&IF(M36=1,N36,ROUNDUP(N36*$A$23,0)) -> 0,3 | T36: ="2,"&INT(J36/100)*100 -> 2,900 | U36: =INT($A$8/$L$4*L36*1)/1 -> 5 | V36: ="2,"&INT(K36/100)*100 -> 2,800 | Y36: 1 | AH36: =Q36+AH35 -> 334
E37: =I36+J36+K36+E36 -> 60988 | F37: 22.4 | G37: =F37*1.1 -> 24.64 | H37: =F37*0.95 -> 21.28 | I37: =INT($A$17*(F37/$F$4)) -> 890 | J37: =INT($A$17*(G37/$F$4)) -> 979 | K37: =INT($A$17*(H37/$F$4)) -> 846 | L37: =L33 -> 1050 | M37: =M33 -> 1 | N37: =INT($A$2/$L$4*L37*10)/10 -> 5.7 | P37: 32 | Q37: =INT($A$5/$L$4*L37*1)/1 -> 38 | R37: ="2,"&INT(I37/100)*100 -> 2,800 | S37: =M37&","&IF(M37=1,N37,ROUNDUP(N37*$A$23,0)) -> 1,5.7 | T37: ="2,"&INT(J37/100)*100 -> 2,900 | U37: =INT($A$8/$L$4*L37*1)/1 -> 41 | V37: ="2,"&INT(K37/100)*100 -> 2,800 | Y37: 1 | AH37: =Q37+AH36 -> 372
E38: =I37+J37+K37+E37 -> 63703 | F38: 22.6 | G38: =F38*1.1 -> 24.86 | H38: =F38*0.95 -> 21.47 | I38: =INT($A$17*(F38/$F$4)) -> 898 | J38: =INT($A$17*(G38/$F$4)) -> 988 | K38: =INT($A$17*(H38/$F$4)) -> 853 | L38: =L34 -> 150 | M38: =M34 -> 0 | N38: =INT($A$2/$L$4*L38*10)/10 -> 0.8 | P38: 33 | Q38: =INT($A$5/$L$4*L38*1)/1 -> 5 | R38: ="2,"&INT(I38/100)*100 -> 2,800 | S38: =M38&","&IF(M38=1,N38,ROUNDUP(N38*$A$23,0)) -> 0,3 | T38: ="2,"&INT(J38/100)*100 -> 2,900 | U38: =INT($A$8/$L$4*L38*1)/1 -> 5 | V38: ="2,"&INT(K38/100)*100 -> 2,800 | Y38: 1 | AH38: =Q38+AH37 -> 377
E39: =I38+J38+K38+E38 -> 66442 | F39: 22.8 | G39: =F39*1.1 -> 25.08 | H39: =F39*0.95 -> 21.66 | I39: =INT($A$17*(F39/$F$4)) -> 906 | J39: =INT($A$17*(G39/$F$4)) -> 997 | K39: =INT($A$17*(H39/$F$4)) -> 861 | L39: =L35 -> 150 | M39: =M35 -> 0 | N39: =INT($A$2/$L$4*L39*10)/10 -> 0.8 | P39: 34 | Q39: =INT($A$5/$L$4*L39*1)/1 -> 5 | R39: ="2,"&INT(I39/100)*100 -> 2,900 | S39: =M39&","&IF(M39=1,N39,ROUNDUP(N39*$A$23,0)) -> 0,3 | T39: ="2,"&INT(J39/100)*100 -> 2,900 | U39: =INT($A$8/$L$4*L39*1)/1 -> 5 | V39: ="2,"&INT(K39/100)*100 -> 2,800 | Y39: 1 | AH39: =Q39+AH38 -> 382
E40: =I39+J39+K39+E39 -> 69206 | F40: 23 | G40: =F40*1.1 -> 25.3 | H40: =F40*0.95 -> 21.85 | I40: =INT($A$17*(F40/$F$4)) -> 914 | J40: =INT($A$17*(G40/$F$4)) -> 1006 | K40: =INT($A$17*(H40/$F$4)) -> 868 | L40: =L36 -> 150 | M40: =M36 -> 0 | N40: =INT($A$2/$L$4*L40*10)/10 -> 0.8 | P40: 35 | Q40: =INT($A$5/$L$4*L40*1)/1 -> 5 | R40: ="2,"&INT(I40/100)*100 -> 2,900 | S40: =M40&","&IF(M40=1,N40,ROUNDUP(N40*$A$23,0)) -> 0,3 | T40: ="2,"&INT(J40/100)*100 -> 2,1000 | U40: =INT($A$8/$L$4*L40*1)/1 -> 5 | V40: ="2,"&INT(K40/100)*100 -> 2,800 | Y40: 1 | AH40: =Q40+AH39 -> 387
E41: =I40+J40+K40+E40 -> 71994 | F41: 23.2 | G41: =F41*1.1 -> 25.52 | H41: =F41*0.95 -> 22.04 | I41: =INT($A$17*(F41/$F$4)) -> 922 | J41: =INT($A$17*(G41/$F$4)) -> 1014 | K41: =INT($A$17*(H41/$F$4)) -> 876 | L41: =L37 -> 1050 | M41: =M37 -> 1 | N41: =INT($A$2/$L$4*L41*10)/10 -> 5.7 | P41: 36 | Q41: =INT($A$5/$L$4*L41*1)/1 -> 38 | R41: ="2,"&INT(I41/100)*100 -> 2,900 | S41: =M41&","&IF(M41=1,N41,ROUNDUP(N41*$A$23,0)) -> 1,5.7 | T41: ="2,"&INT(J41/100)*100 -> 2,1000 | U41: =INT($A$8/$L$4*L41*1)/1 -> 41 | V41: ="2,"&INT(K41/100)*100 -> 2,800 | Y41: 1 | AH41: =Q41+AH40 -> 425
... E44: =I43+J43+K43+E43 -> 80504 | F44: 23.8 | G44: =F44*1.1 -> 26.18 | H44: =F44*0.95 -> 22.61 | I44: =INT($A$17*(F44/$F$4)) -> 946 | J44: =INT($A$17*(G44/$F$4)) -> 1041 | K44: =INT($A$17*(H44/$F$4)) -> 899 | L44: =L40 -> 150 | M44: =M40 -> 0 | N44: =INT($A$2/$L$4*L44*10)/10 -> 0.8 | P44: 39 | Q44: =INT($A$5/$L$4*L44*1)/1 -> 5 | R44: ="2,"&INT(I44/100)*100 -> 2,900 | S44: =M44&","&IF(M44=1,N44,ROUNDUP(N44*$A$23,0)) -> 0,3 | T44: ="2,"&INT(J44/100)*100 -> 2,1000 | U44: =INT($A$8/$L$4*L44*1)/1 -> 5 | V44: ="2,"&INT(K44/100)*100 -> 2,800 | Y44: 1 | AH44: =Q44+AH43 -> 440
E45: =I44+J44+K44+E44 -> 83390 | F45: 24 | G45: =F45*1.1 -> 26.4 | H45: =F45*0.95 -> 22.8 | I45: =INT($A$17*(F45/$F$4)) -> 954 | J45: =INT($A$17*(G45/$F$4)) -> 1049 | K45: =INT($A$17*(H45/$F$4)) -> 906 | L45: =L41 -> 1050 | M45: =M41 -> 1 | N45: =INT($A$2/$L$4*L45*10)/10 -> 5.7 | P45: 40 | Q45: =INT($A$5/$L$4*L45*1)/1 -> 38 | R45: ="2,"&INT(I45/100)*100 -> 2,900 | S45: =M45&","&IF(M45=1,N45,ROUNDUP(N45*$A$23,0)) -> 1,5.7 | T45: ="2,"&INT(J45/100)*100 -> 2,1000 | U45: =INT($A$8/$L$4*L45*1)/1 -> 41 | V45: ="2,"&INT(K45/100)*100 -> 2,900 | W45: 169,30 | X45: 筑基境 | Y45: 1 | AH45: =Q45+AH44 -> 478
E46: =I45+J45+K45+E45 -> 86299 | F46: 24.2 | G46: =F46*1.1 -> 26.62 | H46: =F46*0.95 -> 22.99 | I46: =INT($A$17*(F46/$F$4)) -> 962 | J46: =INT($A$17*(G46/$F$4)) -> 1058 | K46: =INT($A$17*(H46/$F$4)) -> 914 | L46: =L42 -> 150 | M46: =M42 -> 0 | N46: =INT($A$2/$L$4*L46*10)/10 -> 0.8 | P46: 41 | Q46: =INT($A$5/$L$4*L46*1)/1 -> 5 | R46: ="2,"&INT(I46/100)*100 -> 2,900 | S46: =M46&","&IF(M46=1,N46,ROUNDUP(N46*$A$23,0)) -> 0,3 | T46: ="2,"&INT(J46/100)*100 -> 2,1000 | U46: =INT($A$8/$L$4*L46*1)/1 -> 5 | V46: ="2,"&INT(K46/100)*100 -> 2,900 | Y46: 2 | AH46: =Q46+AH45 -> 483
E47: =I46+J46+K46+E46 -> 89233 | F47: 24.4 | G47: =F47*1.1 -> 26.84 | H47: =F47*0.95 -> 23.18 | I47: =INT($A$17*(F47/$F$4)) -> 970 | J47: =INT($A$17*(G47/$F$4)) -> 1067 | K47: =INT($A$17*(H47/$F$4)) -> 921 | L47: =L43 -> 150 | M47: =M43 -> 0 | N47: =INT($A$2/$L$4*L47*10)/10 -> 0.8 | P47: 42 | Q47: =INT($A$5/$L$4*L47*1)/1 -> 5 | R47: ="2,"&INT(I47/100)*100 -> 2,900 | S47: =M47&","&IF(M47=1,N47,ROUNDUP(N47*$A$23,0)) -> 0,3 | T47: ="2,"&INT(J47/100)*100 -> 2,1000 | U47: =INT($A$8/$L$4*L47*1)/1 -> 5 | V47: ="2,"&INT(K47/100)*100 -> 2,900 | Y47: 2 | AH47: =Q47+AH46 -> 488
E48: =I47+J47+K47+E47 -> 92191 | F48: 24.6 | G48: =F48*1.1 -> 27.06 | H48: =F48*0.95 -> 23.37 | I48: =INT($A$17*(F48/$F$4)) -> 978 | J48: =INT($A$17*(G48/$F$4)) -> 1076 | K48: =INT($A$17*(H48/$F$4)) -> 929 | L48: =L44 -> 150 | M48: =M44 -> 0 | N48: =INT($A$2/$L$4*L48*10)/10 -> 0.8 | P48: 43 | Q48: =INT($A$5/$L$4*L48*1)/1 -> 5 | R48: ="2,"&INT(I48/100)*100 -> 2,900 | S48: =M48&","&IF(M48=1,N48,ROUNDUP(N48*$A$23,0)) -> 0,3 | T48: ="2,"&INT(J48/100)*100 -> 2,1000 | U48: =INT($A$8/$L$4*L48*1)/1 -> 5 | V48: ="2,"&INT(K48/100)*100 -> 2,900 | Y48: 2 | AH48: =Q48+AH47 -> 493
E49: =I48+J48+K48+E48 -> 95174 | F49: 24.8 | G49: =F49*1.1 -> 27.28 | H49: =F49*0.95 -> 23.56 | I49: =INT($A$17*(F49/$F$4)) -> 986 | J49: =INT($A$17*(G49/$F$4)) -> 1084 | K49: =INT($A$17*(H49/$F$4)) -> 936 | L49: =L45 -> 1050 | M49: =M45 -> 1 | N49: =INT($A$2/$L$4*L49*10)/10 -> 5.7 | P49: 44 | Q49: =INT($A$5/$L$4*L49*1)/1 -> 38 | R49: ="2,"&INT(I49/100)*100 -> 2,900 | S49: =M49&","&IF(M49=1,N49,ROUNDUP(N49*$A$23,0)) -> 1,5.7 | T49: ="2,"&INT(J49/100)*100 -> 2,1000 | U49: =INT($A$8/$L$4*L49*1)/1 -> 41 | V49: ="2,"&INT(K49/100)*100 -> 2,900 | Y49: 2 | AH49: =Q49+AH48 -> 531
E50: =I49+J49+K49+E49 -> 98180 | F50: 25 | G50: =F50*1.1 -> 27.5 | H50: =F50*0.95 -> 23.75 | I50: =INT($A$17*(F50/$F$4)) -> 994 | J50: =INT($A$17*(G50/$F$4)) -> 1093 | K50: =INT($A$17*(H50/$F$4)) -> 944 | L50: =L46 -> 150 | M50: =M46 -> 0 | N50: =INT($A$2/$L$4*L50*10)/10 -> 0.8 | P50: 45 | Q50: =INT($A$5/$L$4*L50*1)/1 -> 5 | R50: ="2,"&INT(I50/100)*100 -> 2,900 | S50: =M50&","&IF(M50=1,N50,ROUNDUP(N50*$A$23,0)) -> 0,3 | T50: ="2,"&INT(J50/100)*100 -> 2,1000 | U50: =INT($A$8/$L$4*L50*1)/1 -> 5 | V50: ="2,"&INT(K50/100)*100 -> 2,900 | Y50: 2 | AH50: =Q50+AH49 -> 536
E51: =I50+J50+K50+E50 -> 101211 | F51: 25.2 | G51: =F51*1.1 -> 27.72 | H51: =F51*0.95 -> 23.94 | I51: =INT($A$17*(F51/$F$4)) -> 1002 | J51: =INT($A$17*(G51/$F$4)) -> 1102 | K51: =INT($A$17*(H51/$F$4)) -> 952 | L51: =L47 -> 150 | M51: =M47 -> 0 | N51: =INT($A$2/$L$4*L51*10)/10 -> 0.8 | P51: 46 | Q51: =INT($A$5/$L$4*L51*1)/1 -> 5 | R51: ="2,"&INT(I51/100)*100 -> 2,1000 | S51: =M51&","&IF(M51=1,N51,ROUNDUP(N51*$A$23,0)) -> 0,3 | T51: ="2,"&INT(J51/100)*100 -> 2,1100 | U51: =INT($A$8/$L$4*L51*1)/1 -> 5 | V51: ="2,"&INT(K51/100)*100 -> 2,900 | Y51: 2 | AH51: =Q51+AH50 -> 541
E52: =I51+J51+K51+E51 -> 104267 | F52: 25.4 | G52: =F52*1.1 -> 27.94 | H52: =F52*0.95 -> 24.13 | I52: =INT($A$17*(F52/$F$4)) -> 1010 | J52: =INT($A$17*(G52/$F$4)) -> 1111 | K52: =INT($A$17*(H52/$F$4)) -> 959 | L52: =L48 -> 150 | M52: =M48 -> 0 | N52: =INT($A$2/$L$4*L52*10)/10 -> 0.8 | P52: 47 | Q52: =INT($A$5/$L$4*L52*1)/1 -> 5 | R52: ="2,"&INT(I52/100)*100 -> 2,1000 | S52: =M52&","&IF(M52=1,N52,ROUNDUP(N52*$A$23,0)) -> 0,3 | T52: ="2,"&INT(J52/100)*100 -> 2,1100 | U52: =INT($A$8/$L$4*L52*1)/1 -> 5 | V52: ="2,"&INT(K52/100)*100 -> 2,900 | Y52: 2 | AH52: =Q52+AH51 -> 546
E53: =I52+J52+K52+E52 -> 107347 | F53: 25.6 | G53: =F53*1.1 -> 28.16 | H53: =F53*0.95 -> 24.32 | I53: =INT($A$17*(F53/$F$4)) -> 1018 | J53: =INT($A$17*(G53/$F$4)) -> 1119 | K53: =INT($A$17*(H53/$F$4)) -> 967 | L53: =L49 -> 1050 | M53: =M49 -> 1 | N53: =INT($A$2/$L$4*L53*10)/10 -> 5.7 | P53: 48 | Q53: =INT($A$5/$L$4*L53*1)/1 -> 38 | R53: ="2,"&INT(I53/100)*100 -> 2,1000 | S53: =M53&","&IF(M53=1,N53,ROUNDUP(N53*$A$23,0)) -> 1,5.7 | T53: ="2,"&INT(J53/100)*100 -> 2,1100 | U53: =INT($A$8/$L$4*L53*1)/1 -> 41 | V53: ="2,"&INT(K53/100)*100 -> 2,900 | Y53: 2 | AH53: =Q53+AH52 -> 584
E54: =I53+J53+K53+E53 -> 110451 | F54: 25.8 | G54: =F54*1.1 -> 28.38 | H54: =F54*0.95 -> 24.51 | I54: =INT($A$17*(F54/$F$4)) -> 1026 | J54: =INT($A$17*(G54/$F$4)) -> 1128 | K54: =INT($A$17*(H54/$F$4)) -> 974 | L54: =L50 -> 150 | M54: =M50 -> 0 | N54: =INT($A$2/$L$4*L54*10)/10 -> 0.8 | P54: 49 | Q54: =INT($A$5/$L$4*L54*1)/1 -> 5 | R54: ="2,"&INT(I54/100)*100 -> 2,1000 | S54: =M54&","&IF(M54=1,N54,ROUNDUP(N54*$A$23,0)) -> 0,3 | T54: ="2,"&INT(J54/100)*100 -> 2,1100 | U54: =INT($A$8/$L$4*L54*1)/1 -> 5 | V54: ="2,"&INT(K54/100)*100 -> 2,900 | Y54: 2 | AH54: =Q54+AH53 -> 589
E55: =I54+J54+K54+E54 -> 113579 | F55: 26 | G55: =F55*1.1 -> 28.6 | H55: =F55*0.95 -> 24.7 | I55: =INT($A$17*(F55/$F$4)) -> 1034 | J55: =INT($A$17*(G55/$F$4)) -> 1137 | K55: =INT($A$17*(H55/$F$4)) -> 982 | L55: =L51 -> 150 | M55: =M51 -> 0 | N55: =INT($A$2/$L$4*L55*10)/10 -> 0.8 | P55: 50 | Q55: =INT($A$5/$L$4*L55*1)/1 -> 5 | R55: ="2,"&INT(I55/100)*100 -> 2,1000 | S55: =M55&","&IF(M55=1,N55,ROUNDUP(N55*$A$23,0)) -> 0,3 | T55: ="2,"&INT(J55/100)*100 -> 2,1100 | U55: =INT($A$8/$L$4*L55*1)/1 -> 5 | V55: ="2,"&INT(K55/100)*100 -> 2,900 | Y55: 2 | AH55: =Q55+AH54 -> 594
E56: =I55+J55+K55+E55 -> 116732 | F56: 26.2 | G56: =F56*1.1 -> 28.82 | H56: =F56*0.95 -> 24.89 | I56: =INT($A$17*(F56/$F$4)) -> 1041 | J56: =INT($A$17*(G56/$F$4)) -> 1146 | K56: =INT($A$17*(H56/$F$4)) -> 989 | L56: =L52 -> 150 | M56: =M52 -> 0 | N56: =INT($A$2/$L$4*L56*10)/10 -> 0.8 | P56: 51 | Q56: =INT($A$5/$L$4*L56*1)/1 -> 5 | R56: ="2,"&INT(I56/100)*100 -> 2,1000 | S56: =M56&","&IF(M56=1,N56,ROUNDUP(N56*$A$23,0)) -> 0,3 | T56: ="2,"&INT(J56/100)*100 -> 2,1100 | U56: =INT($A$8/$L$4*L56*1)/1 -> 5 | V56: ="2,"&INT(K56/100)*100 -> 2,900 | Y56: 2 | AH56: =Q56+AH55 -> 599
E57: =I56+J56+K56+E56 -> 119908 | F57: 26.4 | G57: =F57*1.1 -> 29.04 | H57: =F57*0.95 -> 25.08 | I57: =INT($A$17*(F57/$F$4)) -> 1049 | J57: =INT($A$17*(G57/$F$4)) -> 1154 | K57: =INT($A$17*(H57/$F$4)) -> 997 | L57: =L53 -> 1050 | M57: =M53 -> 1 | N57: =INT($A$2/$L$4*L57*10)/10 -> 5.7 | P57: 52 | Q57: =INT($A$5/$L$4*L57*1)/1 -> 38 | R57: ="2,"&INT(I57/100)*100 -> 2,1000 | S57: =M57&","&IF(M57=1,N57,ROUNDUP(N57*$A$23,0)) -> 1,5.7 | T57: ="2,"&INT(J57/100)*100 -> 2,1100 | U57: =INT($A$8/$L$4*L57*1)/1 -> 41 | V57: ="2,"&INT(K57/100)*100 -> 2,900 | Y57: 2 | AH57: =Q57+AH56 -> 637
... E64: =I63+J63+K63+E63 -> 142821 | F64: 27.8 | G64: =F64*1.1 -> 30.58 | H64: =F64*0.95 -> 26.41 | I64: =INT($A$17*(F64/$F$4)) -> 1105 | J64: =INT($A$17*(G64/$F$4)) -> 1216 | K64: =INT($A$17*(H64/$F$4)) -> 1050 | L64: =L60 -> 150 | M64: =M60 -> 0 | N64: =INT($A$2/$L$4*L64*10)/10 -> 0.8 | P64: 59 | Q64: =INT($A$5/$L$4*L64*1)/1 -> 5 | R64: ="2,"&INT(I64/100)*100 -> 2,1100 | S64: =M64&","&IF(M64=1,N64,ROUNDUP(N64*$A$23,0)) -> 0,3 | T64: ="2,"&INT(J64/100)*100 -> 2,1200 | U64: =INT($A$8/$L$4*L64*1)/1 -> 5 | V64: ="2,"&INT(K64/100)*100 -> 2,1000 | Y64: 2 | AH64: =Q64+AH63 -> 705
E65: =I64+J64+K64+E64 -> 146192 | F65: 28 | G65: =F65*1.1 -> 30.8 | H65: =F65*0.95 -> 26.6 | I65: =INT($A$17*(F65/$F$4)) -> 1113 | J65: =INT($A$17*(G65/$F$4)) -> 1224 | K65: =INT($A$17*(H65/$F$4)) -> 1057 | L65: =L61 -> 1050 | M65: =M61 -> 1 | N65: =INT($A$2/$L$4*L65*10)/10 -> 5.7 | P65: 60 | Q65: =INT($A$5/$L$4*L65*1)/1 -> 38 | R65: ="2,"&INT(I65/100)*100 -> 2,1100 | S65: =M65&","&IF(M65=1,N65,ROUNDUP(N65*$A$23,0)) -> 1,5.7 | T65: ="2,"&INT(J65/100)*100 -> 2,1200 | U65: =INT($A$8/$L$4*L65*1)/1 -> 41 | V65: ="2,"&INT(K65/100)*100 -> 2,1000 | W65: 169,60 | X65: 结丹境 | Y65: 2 | AH65: =Q65+AH64 -> 743
E66: =I65+J65+K65+E65 -> 149586 | F66: 28.2 | G66: =F66*1.1 -> 31.02 | H66: =F66*0.95 -> 26.79 | I66: =INT($A$17*(F66/$F$4)) -> 1121 | J66: =INT($A$17*(G66/$F$4)) -> 1233 | K66: =INT($A$17*(H66/$F$4)) -> 1065 | L66: =L62 -> 150 | M66: =M62 -> 0 | N66: =INT($A$2/$L$4*L66*10)/10 -> 0.8 | P66: 61 | Q66: =INT($A$5/$L$4*L66*1)/1 -> 5 | R66: ="2,"&INT(I66/100)*100 -> 2,1100 | S66: =M66&","&IF(M66=1,N66,ROUNDUP(N66*$A$23,0)) -> 0,3 | T66: ="2,"&INT(J66/100)*100 -> 2,1200 | U66: =INT($A$8/$L$4*L66*1)/1 -> 5 | V66: ="2,"&INT(K66/100)*100 -> 2,1000 | Y66: 3 | AH66: =Q66+AH65 -> 748
E67: =I66+J66+K66+E66 -> 153005 | F67: 28.4 | G67: =F67*1.1 -> 31.24 | H67: =F67*0.95 -> 26.98 | I67: =INT($A$17*(F67/$F$4)) -> 1129 | J67: =INT($A$17*(G67/$F$4)) -> 1242 | K67: =INT($A$17*(H67/$F$4)) -> 1073 | L67: =L63 -> 150 | M67: =M63 -> 0 | N67: =INT($A$2/$L$4*L67*10)/10 -> 0.8 | P67: 62 | Q67: =INT($A$5/$L$4*L67*1)/1 -> 5 | R67: ="2,"&INT(I67/100)*100 -> 2,1100 | S67: =M67&","&IF(M67=1,N67,ROUNDUP(N67*$A$23,0)) -> 0,3 | T67: ="2,"&INT(J67/100)*100 -> 2,1200 | U67: =INT($A$8/$L$4*L67*1)/1 -> 5 | V67: ="2,"&INT(K67/100)*100 -> 2,1000 | Y67: 3 | AH67: =Q67+AH66 -> 753
E68: =I67+J67+K67+E67 -> 156449 | F68: 28.6 | G68: =F68*1.1 -> 31.46 | H68: =F68*0.95 -> 27.17 | I68: =INT($A$17*(F68/$F$4)) -> 1137 | J68: =INT($A$17*(G68/$F$4)) -> 1251 | K68: =INT($A$17*(H68/$F$4)) -> 1080 | L68: =L64 -> 150 | M68: =M64 -> 0 | N68: =INT($A$2/$L$4*L68*10)/10 -> 0.8 | P68: 63 | Q68: =INT($A$5/$L$4*L68*1)/1 -> 5 | R68: ="2,"&INT(I68/100)*100 -> 2,1100 | S68: =M68&","&IF(M68=1,N68,ROUNDUP(N68*$A$23,0)) -> 0,3 | T68: ="2,"&INT(J68/100)*100 -> 2,1200 | U68: =INT($A$8/$L$4*L68*1)/1 -> 5 | V68: ="2,"&INT(K68/100)*100 -> 2,1000 | Y68: 3 | AH68: =Q68+AH67 -> 758
E69: =I68+J68+K68+E68 -> 159917 | F69: 28.8 | G69: =F69*1.1 -> 31.68 | H69: =F69*0.95 -> 27.36 | I69: =INT($A$17*(F69/$F$4)) -> 1145 | J69: =INT($A$17*(G69/$F$4)) -> 1259 | K69: =INT($A$17*(H69/$F$4)) -> 1088 | L69: =L65 -> 1050 | M69: =M65 -> 1 | N69: =INT($A$2/$L$4*L69*10)/10 -> 5.7 | P69: 64 | Q69: =INT($A$5/$L$4*L69*1)/1 -> 38 | R69: ="2,"&INT(I69/100)*100 -> 2,1100 | S69: =M69&","&IF(M69=1,N69,ROUNDUP(N69*$A$23,0)) -> 1,5.7 | T69: ="2,"&INT(J69/100)*100 -> 2,1200 | U69: =INT($A$8/$L$4*L69*1)/1 -> 41 | V69: ="2,"&INT(K69/100)*100 -> 2,1000 | Y69: 3 | AH69: =Q69+AH68 -> 796
E70: =I69+J69+K69+E69 -> 163409 | F70: 29 | G70: =F70*1.1 -> 31.9 | H70: =F70*0.95 -> 27.55 | I70: =INT($A$17*(F70/$F$4)) -> 1153 | J70: =INT($A$17*(G70/$F$4)) -> 1268 | K70: =INT($A$17*(H70/$F$4)) -> 1095 | L70: =L66 -> 150 | M70: =M66 -> 0 | N70: =INT($A$2/$L$4*L70*10)/10 -> 0.8 | P70: 65 | Q70: =INT($A$5/$L$4*L70*1)/1 -> 5 | R70: ="2,"&INT(I70/100)*100 -> 2,1100 | S70: =M70&","&IF(M70=1,N70,ROUNDUP(N70*$A$23,0)) -> 0,3 | T70: ="2,"&INT(J70/100)*100 -> 2,1200 | U70: =INT($A$8/$L$4*L70*1)/1 -> 5 | V70: ="2,"&INT(K70/100)*100 -> 2,1000 | Y70: 3 | AH70: =Q70+AH69 -> 801
E71: =I70+J70+K70+E70 -> 166925 | F71: 29.2 | G71: =F71*1.1 -> 32.12 | H71: =F71*0.95 -> 27.74 | I71: =INT($A$17*(F71/$F$4)) -> 1161 | J71: =INT($A$17*(G71/$F$4)) -> 1277 | K71: =INT($A$17*(H71/$F$4)) -> 1103 | L71: =L67 -> 150 | M71: =M67 -> 0 | N71: =INT($A$2/$L$4*L71*10)/10 -> 0.8 | P71: 66 | Q71: =INT($A$5/$L$4*L71*1)/1 -> 5 | R71: ="2,"&INT(I71/100)*100 -> 2,1100 | S71: =M71&","&IF(M71=1,N71,ROUNDUP(N71*$A$23,0)) -> 0,3 | T71: ="2,"&INT(J71/100)*100 -> 2,1200 | U71: =INT($A$8/$L$4*L71*1)/1 -> 5 | V71: ="2,"&INT(K71/100)*100 -> 2,1100 | Y71: 3 | AH71: =Q71+AH70 -> 806
E72: =I71+J71+K71+E71 -> 170466 | F72: 29.4 | G72: =F72*1.1 -> 32.34 | H72: =F72*0.95 -> 27.93 | I72: =INT($A$17*(F72/$F$4)) -> 1169 | J72: =INT($A$17*(G72/$F$4)) -> 1286 | K72: =INT($A$17*(H72/$F$4)) -> 1110 | L72: =L68 -> 150 | M72: =M68 -> 0 | N72: =INT($A$2/$L$4*L72*10)/10 -> 0.8 | P72: 67 | Q72: =INT($A$5/$L$4*L72*1)/1 -> 5 | R72: ="2,"&INT(I72/100)*100 -> 2,1100 | S72: =M72&","&IF(M72=1,N72,ROUNDUP(N72*$A$23,0)) -> 0,3 | T72: ="2,"&INT(J72/100)*100 -> 2,1200 | U72: =INT($A$8/$L$4*L72*1)/1 -> 5 | V72: ="2,"&INT(K72/100)*100 -> 2,1100 | Y72: 3 | AH72: =Q72+AH71 -> 811
E73: =I72+J72+K72+E72 -> 174031 | F73: 29.6 | G73: =F73*1.1 -> 32.56 | H73: =F73*0.95 -> 28.12 | I73: =INT($A$17*(F73/$F$4)) -> 1177 | J73: =INT($A$17*(G73/$F$4)) -> 1294 | K73: =INT($A$17*(H73/$F$4)) -> 1118 | L73: =L69 -> 1050 | M73: =M69 -> 1 | N73: =INT($A$2/$L$4*L73*10)/10 -> 5.7 | P73: 68 | Q73: =INT($A$5/$L$4*L73*1)/1 -> 38 | R73: ="2,"&INT(I73/100)*100 -> 2,1100 | S73: =M73&","&IF(M73=1,N73,ROUNDUP(N73*$A$23,0)) -> 1,5.7 | T73: ="2,"&INT(J73/100)*100 -> 2,1200 | U73: =INT($A$8/$L$4*L73*1)/1 -> 41 | V73: ="2,"&INT(K73/100)*100 -> 2,1100 | Y73: 3 | AH73: =Q73+AH72 -> 849
E74: =I73+J73+K73+E73 -> 177620 | F74: 29.8 | G74: =F74*1.1 -> 32.78 | H74: =F74*0.95 -> 28.31 | I74: =INT($A$17*(F74/$F$4)) -> 1185 | J74: =INT($A$17*(G74/$F$4)) -> 1303 | K74: =INT($A$17*(H74/$F$4)) -> 1125 | L74: =L70 -> 150 | M74: =M70 -> 0 | N74: =INT($A$2/$L$4*L74*10)/10 -> 0.8 | P74: 69 | Q74: =INT($A$5/$L$4*L74*1)/1 -> 5 | R74: ="2,"&INT(I74/100)*100 -> 2,1100 | S74: =M74&","&IF(M74=1,N74,ROUNDUP(N74*$A$23,0)) -> 0,3 | T74: ="2,"&INT(J74/100)*100 -> 2,1300 | U74: =INT($A$8/$L$4*L74*1)/1 -> 5 | V74: ="2,"&INT(K74/100)*100 -> 2,1100 | Y74: 3 | AH74: =Q74+AH73 -> 854
E75: =I74+J74+K74+E74 -> 181233 | F75: 30 | G75: =F75*1.1 -> 33 | H75: =F75*0.95 -> 28.5 | I75: =INT($A$17*(F75/$F$4)) -> 1193 | J75: =INT($A$17*(G75/$F$4)) -> 1312 | K75: =INT($A$17*(H75/$F$4)) -> 1133 | L75: =L71 -> 150 | M75: =M71 -> 0 | N75: =INT($A$2/$L$4*L75*10)/10 -> 0.8 | P75: 70 | Q75: =INT($A$5/$L$4*L75*1)/1 -> 5 | R75: ="2,"&INT(I75/100)*100 -> 2,1100 | S75: =M75&","&IF(M75=1,N75,ROUNDUP(N75*$A$23,0)) -> 0,3 | T75: ="2,"&INT(J75/100)*100 -> 2,1300 | U75: =INT($A$8/$L$4*L75*1)/1 -> 5 | V75: ="2,"&INT(K75/100)*100 -> 2,1100 | Y75: 3 | AH75: =Q75+AH74 -> 859
E76: =I75+J75+K75+E75 -> 184871 | F76: 30.2 | G76: =F76*1.1 -> 33.22 | H76: =F76*0.95 -> 28.69 | I76: =INT($A$17*(F76/$F$4)) -> 1201 | J76: =INT($A$17*(G76/$F$4)) -> 1321 | K76: =INT($A$17*(H76/$F$4)) -> 1141 | L76: =L72 -> 150 | M76: =M72 -> 0 | N76: =INT($A$2/$L$4*L76*10)/10 -> 0.8 | P76: 71 | Q76: =INT($A$5/$L$4*L76*1)/1 -> 5 | R76: ="2,"&INT(I76/100)*100 -> 2,1200 | S76: =M76&","&IF(M76=1,N76,ROUNDUP(N76*$A$23,0)) -> 0,3 | T76: ="2,"&INT(J76/100)*100 -> 2,1300 | U76: =INT($A$8/$L$4*L76*1)/1 -> 5 | V76: ="2,"&INT(K76/100)*100 -> 2,1100 | Y76: 3 | AH76: =Q76+AH75 -> 864
E77: =I76+J76+K76+E76 -> 188534 | F77: 30.4 | G77: =F77*1.1 -> 33.44 | H77: =F77*0.95 -> 28.88 | I77: =INT($A$17*(F77/$F$4)) -> 1209 | J77: =INT($A$17*(G77/$F$4)) -> 1329 | K77: =INT($A$17*(H77/$F$4)) -> 1148 | L77: =L73 -> 1050 | M77: =M73 -> 1 | N77: =INT($A$2/$L$4*L77*10)/10 -> 5.7 | P77: 72 | Q77: =INT($A$5/$L$4*L77*1)/1 -> 38 | R77: ="2,"&INT(I77/100)*100 -> 2,1200 | S77: =M77&","&IF(M77=1,N77,ROUNDUP(N77*$A$23,0)) -> 1,5.7 | T77: ="2,"&INT(J77/100)*100 -> 2,1300 | U77: =INT($A$8/$L$4*L77*1)/1 -> 41 | V77: ="2,"&INT(K77/100)*100 -> 2,1100 | Y77: 3 | AH77: =Q77+AH76 -> 902
... E84: =I83+J83+K83+E83 -> 214843 | F84: 31.8 | G84: =F84*1.1 -> 34.98 | H84: =F84*0.95 -> 30.21 | I84: =INT($A$17*(F84/$F$4)) -> 1264 | J84: =INT($A$17*(G84/$F$4)) -> 1391 | K84: =INT($A$17*(H84/$F$4)) -> 1201 | L84: =L80 -> 150 | M84: =M80 -> 0 | N84: =INT($A$2/$L$4*L84*10)/10 -> 0.8 | P84: 79 | Q84: =INT($A$5/$L$4*L84*1)/1 -> 5 | R84: ="2,"&INT(I84/100)*100 -> 2,1200 | S84: =M84&","&IF(M84=1,N84,ROUNDUP(N84*$A$23,0)) -> 0,3 | T84: ="2,"&INT(J84/100)*100 -> 2,1300 | U84: =INT($A$8/$L$4*L84*1)/1 -> 5 | V84: ="2,"&INT(K84/100)*100 -> 2,1200 | Y84: 3 | AH84: =Q84+AH83 -> 970
E85: =I84+J84+K84+E84 -> 218699 | F85: 32 | G85: =F85*1.1 -> 35.2 | H85: =F85*0.95 -> 30.4 | I85: =INT($A$17*(F85/$F$4)) -> 1272 | J85: =INT($A$17*(G85/$F$4)) -> 1399 | K85: =INT($A$17*(H85/$F$4)) -> 1209 | L85: =L81 -> 1050 | M85: =M81 -> 1 | N85: =INT($A$2/$L$4*L85*10)/10 -> 5.7 | P85: 80 | Q85: =INT($A$5/$L$4*L85*1)/1 -> 38 | R85: ="2,"&INT(I85/100)*100 -> 2,1200 | S85: =M85&","&IF(M85=1,N85,ROUNDUP(N85*$A$23,0)) -> 1,5.7 | T85: ="2,"&INT(J85/100)*100 -> 2,1300 | U85: =INT($A$8/$L$4*L85*1)/1 -> 41 | V85: ="2,"&INT(K85/100)*100 -> 2,1200 | W85: 169,120 | X85: 元婴境 | Y85: 3 | AH85: =Q85+AH84 -> 1008
E86: =I85+J85+K85+E85 -> 222579 | F86: 32.2 | G86: =F86*1.1 -> 35.42 | H86: =F86*0.95 -> 30.59 | I86: =INT($A$17*(F86/$F$4)) -> 1280 | J86: =INT($A$17*(G86/$F$4)) -> 1408 | K86: =INT($A$17*(H86/$F$4)) -> 1216 | L86: =L82 -> 150 | M86: =M82 -> 0 | N86: =INT($A$2/$L$4*L86*10)/10 -> 0.8 | P86: 81 | Q86: =INT($A$5/$L$4*L86*1)/1 -> 5 | R86: ="2,"&INT(I86/100)*100 -> 2,1200 | S86: =M86&","&IF(M86=1,N86,ROUNDUP(N86*$A$23,0)) -> 0,3 | T86: ="2,"&INT(J86/100)*100 -> 2,1400 | U86: =INT($A$8/$L$4*L86*1)/1 -> 5 | V86: ="2,"&INT(K86/100)*100 -> 2,1200 | Y86: 4 | AH86: =Q86+AH85 -> 1013
E87: =I86+J86+K86+E86 -> 226483 | F87: 32.4 | G87: =F87*1.1 -> 35.64 | H87: =F87*0.95 -> 30.78 | I87: =INT($A$17*(F87/$F$4)) -> 1288 | J87: =INT($A$17*(G87/$F$4)) -> 1417 | K87: =INT($A$17*(H87/$F$4)) -> 1224 | L87: =L83 -> 150 | M87: =M83 -> 0 | N87: =INT($A$2/$L$4*L87*10)/10 -> 0.8 | P87: 82 | Q87: =INT($A$5/$L$4*L87*1)/1 -> 5 | R87: ="2,"&INT(I87/100)*100 -> 2,1200 | S87: =M87&","&IF(M87=1,N87,ROUNDUP(N87*$A$23,0)) -> 0,3 | T87: ="2,"&INT(J87/100)*100 -> 2,1400 | U87: =INT($A$8/$L$4*L87*1)/1 -> 5 | V87: ="2,"&INT(K87/100)*100 -> 2,1200 | Y87: 4 | AH87: =Q87+AH86 -> 1018
E88: =I87+J87+K87+E87 -> 230412 | F88: 32.6 | G88: =F88*1.1 -> 35.86 | H88: =F88*0.95 -> 30.97 | I88: =INT($A$17*(F88/$F$4)) -> 1296 | J88: =INT($A$17*(G88/$F$4)) -> 1426 | K88: =INT($A$17*(H88/$F$4)) -> 1231 | L88: =L84 -> 150 | M88: =M84 -> 0 | N88: =INT($A$2/$L$4*L88*10)/10 -> 0.8 | P88: 83 | Q88: =INT($A$5/$L$4*L88*1)/1 -> 5 | R88: ="2,"&INT(I88/100)*100 -> 2,1200 | S88: =M88&","&IF(M88=1,N88,ROUNDUP(N88*$A$23,0)) -> 0,3 | T88: ="2,"&INT(J88/100)*100 -> 2,1400 | U88: =INT($A$8/$L$4*L88*1)/1 -> 5 | V88: ="2,"&INT(K88/100)*100 -> 2,1200 | Y88: 4 | AH88: =Q88+AH87 -> 1023
E89: =I88+J88+K88+E88 -> 234365 | F89: 32.8 | G89: =F89*1.1 -> 36.08 | H89: =F89*0.95 -> 31.16 | I89: =INT($A$17*(F89/$F$4)) -> 1304 | J89: =INT($A$17*(G89/$F$4)) -> 1434 | K89: =INT($A$17*(H89/$F$4)) -> 1239 | L89: =L85 -> 1050 | M89: =M85 -> 1 | N89: =INT($A$2/$L$4*L89*10)/10 -> 5.7 | P89: 84 | Q89: =INT($A$5/$L$4*L89*1)/1 -> 38 | R89: ="2,"&INT(I89/100)*100 -> 2,1300 | S89: =M89&","&IF(M89=1,N89,ROUNDUP(N89*$A$23,0)) -> 1,5.7 | T89: ="2,"&INT(J89/100)*100 -> 2,1400 | U89: =INT($A$8/$L$4*L89*1)/1 -> 41 | V89: ="2,"&INT(K89/100)*100 -> 2,1200 | Y89: 4 | AH89: =Q89+AH88 -> 1061
E90: =I89+J89+K89+E89 -> 238342 | F90: 33 | G90: =F90*1.1 -> 36.3 | H90: =F90*0.95 -> 31.35 | I90: =INT($A$17*(F90/$F$4)) -> 1312 | J90: =INT($A$17*(G90/$F$4)) -> 1443 | K90: =INT($A$17*(H90/$F$4)) -> 1246 | L90: =L86 -> 150 | M90: =M86 -> 0 | N90: =INT($A$2/$L$4*L90*10)/10 -> 0.8 | P90: 85 | Q90: =INT($A$5/$L$4*L90*1)/1 -> 5 | R90: ="2,"&INT(I90/100)*100 -> 2,1300 | S90: =M90&","&IF(M90=1,N90,ROUNDUP(N90*$A$23,0)) -> 0,3 | T90: ="2,"&INT(J90/100)*100 -> 2,1400 | U90: =INT($A$8/$L$4*L90*1)/1 -> 5 | V90: ="2,"&INT(K90/100)*100 -> 2,1200 | Y90: 4 | AH90: =Q90+AH89 -> 1066
E91: =I90+J90+K90+E90 -> 242343 | F91: 33.2 | G91: =F91*1.1 -> 36.52 | H91: =F91*0.95 -> 31.54 | I91: =INT($A$17*(F91/$F$4)) -> 1320 | J91: =INT($A$17*(G91/$F$4)) -> 1452 | K91: =INT($A$17*(H91/$F$4)) -> 1254 | L91: =L87 -> 150 | M91: =M87 -> 0 | N91: =INT($A$2/$L$4*L91*10)/10 -> 0.8 | P91: 86 | Q91: =INT($A$5/$L$4*L91*1)/1 -> 5 | R91: ="2,"&INT(I91/100)*100 -> 2,1300 | S91: =M91&","&IF(M91=1,N91,ROUNDUP(N91*$A$23,0)) -> 0,3 | T91: ="2,"&INT(J91/100)*100 -> 2,1400 | U91: =INT($A$8/$L$4*L91*1)/1 -> 5 | V91: ="2,"&INT(K91/100)*100 -> 2,1200 | Y91: 4 | AH91: =Q91+AH90 -> 1071
E92: =I91+J91+K91+E91 -> 246369 | F92: 33.4 | G92: =F92*1.1 -> 36.74 | H92: =F92*0.95 -> 31.73 | I92: =INT($A$17*(F92/$F$4)) -> 1328 | J92: =INT($A$17*(G92/$F$4)) -> 1461 | K92: =INT($A$17*(H92/$F$4)) -> 1261 | L92: =L88 -> 150 | M92: =M88 -> 0 | N92: =INT($A$2/$L$4*L92*10)/10 -> 0.8 | P92: 87 | Q92: =INT($A$5/$L$4*L92*1)/1 -> 5 | R92: ="2,"&INT(I92/100)*100 -> 2,1300 | S92: =M92&","&IF(M92=1,N92,ROUNDUP(N92*$A$23,0)) -> 0,3 | T92: ="2,"&INT(J92/100)*100 -> 2,1400 | U92: =INT($A$8/$L$4*L92*1)/1 -> 5 | V92: ="2,"&INT(K92/100)*100 -> 2,1200 | Y92: 4 | AH92: =Q92+AH91 -> 1076
E93: =I92+J92+K92+E92 -> 250419 | F93: 33.6 | G93: =F93*1.1 -> 36.96 | H93: =F93*0.95 -> 31.92 | I93: =INT($A$17*(F93/$F$4)) -> 1336 | J93: =INT($A$17*(G93/$F$4)) -> 1469 | K93: =INT($A$17*(H93/$F$4)) -> 1269 | L93: =L89 -> 1050 | M93: =M89 -> 1 | N93: =INT($A$2/$L$4*L93*10)/10 -> 5.7 | P93: 88 | Q93: =INT($A$5/$L$4*L93*1)/1 -> 38 | R93: ="2,"&INT(I93/100)*100 -> 2,1300 | S93: =M93&","&IF(M93=1,N93,ROUNDUP(N93*$A$23,0)) -> 1,5.7 | T93: ="2,"&INT(J93/100)*100 -> 2,1400 | U93: =INT($A$8/$L$4*L93*1)/1 -> 41 | V93: ="2,"&INT(K93/100)*100 -> 2,1200 | Y93: 4 | AH93: =Q93+AH92 -> 1114
E94: =I93+J93+K93+E93 -> 254493 | F94: 33.8 | G94: =F94*1.1 -> 37.18 | H94: =F94*0.95 -> 32.11 | I94: =INT($A$17*(F94/$F$4)) -> 1344 | J94: =INT($A$17*(G94/$F$4)) -> 1478 | K94: =INT($A$17*(H94/$F$4)) -> 1277 | L94: =L90 -> 150 | M94: =M90 -> 0 | N94: =INT($A$2/$L$4*L94*10)/10 -> 0.8 | P94: 89 | Q94: =INT($A$5/$L$4*L94*1)/1 -> 5 | R94: ="2,"&INT(I94/100)*100 -> 2,1300 | S94: =M94&","&IF(M94=1,N94,ROUNDUP(N94*$A$23,0)) -> 0,3 | T94: ="2,"&INT(J94/100)*100 -> 2,1400 | U94: =INT($A$8/$L$4*L94*1)/1 -> 5 | V94: ="2,"&INT(K94/100)*100 -> 2,1200 | Y94: 4 | AH94: =Q94+AH93 -> 1119
E95: =I94+J94+K94+E94 -> 258592 | F95: 34 | G95: =F95*1.1 -> 37.4 | H95: =F95*0.95 -> 32.3 | I95: =INT($A$17*(F95/$F$4)) -> 1352 | J95: =INT($A$17*(G95/$F$4)) -> 1487 | K95: =INT($A$17*(H95/$F$4)) -> 1284 | L95: =L91 -> 150 | M95: =M91 -> 0 | N95: =INT($A$2/$L$4*L95*10)/10 -> 0.8 | P95: 90 | Q95: =INT($A$5/$L$4*L95*1)/1 -> 5 | R95: ="2,"&INT(I95/100)*100 -> 2,1300 | S95: =M95&","&IF(M95=1,N95,ROUNDUP(N95*$A$23,0)) -> 0,3 | T95: ="2,"&INT(J95/100)*100 -> 2,1400 | U95: =INT($A$8/$L$4*L95*1)/1 -> 5 | V95: ="2,"&INT(K95/100)*100 -> 2,1200 | Y95: 4 | AH95: =Q95+AH94 -> 1124
E96: =I95+J95+K95+E95 -> 262715 | F96: 34.2 | G96: =F96*1.1 -> 37.62 | H96: =F96*0.95 -> 32.49 | I96: =INT($A$17*(F96/$F$4)) -> 1360 | J96: =INT($A$17*(G96/$F$4)) -> 1496 | K96: =INT($A$17*(H96/$F$4)) -> 1292 | L96: =L92 -> 150 | M96: =M92 -> 0 | N96: =INT($A$2/$L$4*L96*10)/10 -> 0.8 | P96: 91 | Q96: =INT($A$5/$L$4*L96*1)/1 -> 5 | R96: ="2,"&INT(I96/100)*100 -> 2,1300 | S96: =M96&","&IF(M96=1,N96,ROUNDUP(N96*$A$23,0)) -> 0,3 | T96: ="2,"&INT(J96/100)*100 -> 2,1400 | U96: =INT($A$8/$L$4*L96*1)/1 -> 5 | V96: ="2,"&INT(K96/100)*100 -> 2,1200 | Y96: 4 | AH96: =Q96+AH95 -> 1129
